area,year,deaths_caused_by_outdoor_air_pollution,deaths_caused_by_household_pollution_from_solid_fuels,deaths_caused_by_air_pollution
Malta,2008,185,1,184
Malta,2009,191,1,191
Malta,2010,195,1,194
Malta,2011,195,1,195
Malta,2012,189,1,188
Malta,2013,178,1,177
Malta,2014,166,1,166
Malta,2015,154,0,154
Malta,2016,149,0,149
Malta,2017,147,0,146
Malta,2018,154,0,152
Malta,2019,163,0,162
Marshall Islands,2000,7,25,32
Marshall Islands,2001,7,25,32
Marshall Islands,2002,7,25,32
Marshall Islands,2003,8,25,32
Marshall Islands,2004,8,25,32
Marshall Islands,2005,8,25,33
Marshall Islands,2006,8,25,34
Marshall Islands,2007,9,26,35
Marshall Islands,2008,9,26,35
Marshall Islands,2009,9,27,36
Marshall Islands,2010,9,27,37
Marshall Islands,2011,9,28,37
Marshall Islands,2012,10,27,37
Marshall Islands,2013,10,27,37
Marshall Islands,2014,10,27,37
Marshall Islands,2015,10,26,37
Marshall Islands,2016,11,26,37
Marshall Islands,2017,11,25,36
Marshall Islands,2018,12,25,36
Marshall Islands,2019,12,24,36
Mauritania,2000,894,2045,2937
Mauritania,2001,910,2039,2948
Mauritania,2002,917,2025,2940
Mauritania,2003,914,1987,2897
Mauritania,2004,928,1980,2903
Mauritania,2005,943,1966,2906
Mauritania,2006,969,1947,2914
Mauritania,2007,975,1869,2842
Mauritania,2008,994,1801,2793
Mauritania,2009,1049,1784,2829
Mauritania,2010,1075,1711,2783
Mauritania,2011,1127,1665,2788
Mauritania,2012,1212,1642,2847
Mauritania,2013,1277,1582,2848
Mauritania,2014,1298,1480,2767
Mauritania,2015,1343,1425,2761
Mauritania,2016,1343,1341,2681
Mauritania,2017,1379,1301,2676
Mauritania,2018,1400,1247,2639
Mauritania,2019,1428,1208,2628
Mauritius,2000,477,70,547
Mauritius,2001,488,63,552
Mauritius,2002,514,58,571
Mauritius,2003,533,53,584
Mauritius,2004,538,47,583
Mauritius,2005,549,43,592
Mauritius,2006,542,40,583
Mauritius,2007,521,36,559
Mauritius,2008,526,34,560
Mauritius,2009,525,31,557
Mauritius,2010,516,29,545
Mauritius,2011,510,26,537
Mauritius,2012,520,24,544
Mauritius,2013,519,21,540
Mauritius,2014,535,20,555
Mauritius,2015,542,18,560
Mauritius,2016,554,17,571
Mauritius,2017,568,16,584
Mauritius,2018,589,15,605
Mauritius,2019,606,14,621
Mexico,2000,27260,10926,37641
Mexico,2001,26919,10667,37065
Mexico,2002,26836,10745,37099
Mexico,2003,26518,10785,36860
Mexico,2004,25683,10602,35871
Afghanistan,2000,4021,45132,48763
Afghanistan,2001,4014,45028,48660
Afghanistan,2002,3961,44137,47732
Afghanistan,2003,4116,44953,48687
Afghanistan,2004,4176,44534,48337
Afghanistan,2005,4176,43280,47107
Afghanistan,2006,4232,41778,45691
Afghanistan,2007,4480,40047,44161
Afghanistan,2008,4767,38320,42696
Afghanistan,2009,5038,36675,41348
Afghanistan,2010,5344,35511,40545
Afghanistan,2011,5824,34380,39893
Afghanistan,2012,6516,33223,39363
Afghanistan,2013,7273,32344,39187
Afghanistan,2014,7817,31296,38711
Afghanistan,2015,8115,30407,38227
Afghanistan,2016,8231,29929,37865
Afghanistan,2017,8369,29497,37535
Afghanistan,2018,8602,28818,37160
Afghanistan,2019,9154,28168,37033
Albania,2000,1036,1514,2537
Albania,2001,1022,1402,2416
Albania,2002,1093,1397,2481
Albania,2003,1192,1416,2595
Albania,2004,1227,1352,2563
Albania,2005,1228,1261,2474
Albania,2006,1196,1131,2315
Albania,2007,1187,1015,2192
Albania,2008,1248,961,2199
Albania,2009,1271,887,2150
Albania,2010,1297,842,2130
Albania,2011,1341,826,2157
Albania,2012,1365,806,2161
Albania,2013,1392,793,2176
Albania,2014,1434,788,2214
Albania,2015,1472,783,2248
Albania,2016,1493,766,2253
Albania,2017,1514,751,2260
Albania,2018,1536,737,2268
Albania,2019,1556,724,2276
Algeria,2000,15808,912,16634
Algeria,2001,15891,796,16673
Algeria,2002,15951,691,16651
Algeria,2003,15999,597,16588
Algeria,2004,16134,517,16605
Algeria,2005,16230,448,16605
Algeria,2006,16358,387,16651
Algeria,2007,16469,331,16694
Algeria,2008,16576,281,16748
Algeria,2009,16790,238,16923
Algeria,2010,17038,205,17155
Algeria,2011,17528,180,17633
Algeria,2012,18089,157,18170
Algeria,2013,18763,137,18803
Algeria,2014,19522,121,19530
Algeria,2015,20177,107,20168
Algeria,2016,20414,95,20400
Algeria,2017,20785,85,20756
Algeria,2018,21504,76,21459
Algeria,2019,22229,66,22162
American Samoa,2000,5,8,14
American Samoa,2001,6,8,14
American Samoa,2002,6,8,14
American Samoa,2003,6,7,14
American Samoa,2004,6,7,13
American Samoa,2005,6,7,13
American Samoa,2006,6,7,14
American Samoa,2007,6,7,14
American Samoa,2008,6,7,14
American Samoa,2009,6,8,14
American Samoa,2010,6,8,14
American Samoa,2011,6,8,14
American Samoa,2012,6,7,14
American Samoa,2013,7,7,14
American Samoa,2014,7,7,14
American Samoa,2015,7,7,14
American Samoa,2016,7,6,14
American Samoa,2017,8,6,14
American Samoa,2018,8,6,14
American Samoa,2019,8,6,14
Andorra,2000,14,0,14
Andorra,2001,15,0,15
Andorra,2002,15,0,15
Andorra,2003,15,0,15
Andorra,2004,16,0,15
Andorra,2005,15,0,15
Andorra,2006,16,0,15
Andorra,2007,16,0,15
Andorra,2008,16,0,15
Andorra,2009,16,0,16
Andorra,2010,16,0,16
Andorra,2011,15,0,15
Andorra,2012,15,0,15
Andorra,2013,15,0,15
Andorra,2014,15,0,15
Andorra,2015,15,0,15
Andorra,2016,14,0,14
Andorra,2017,13,0,13
Andorra,2018,13,0,13
Andorra,2019,14,0,14
Angola,2000,2140,19934,22005
Angola,2001,2204,19550,21690
Angola,2002,2239,19069,21253
Angola,2003,2318,18725,20977
Angola,2004,2478,18750,21140
Angola,2005,2577,18168,20632
Angola,2006,2721,17718,20308
Angola,2007,2812,17129,19830
Angola,2008,2929,16575,19415
Angola,2009,3053,15877,18852
Angola,2010,3233,15301,18450
Angola,2011,3441,14554,17903
Angola,2012,3710,13777,17399
Angola,2013,3984,12846,16745
Angola,2014,4210,11837,15972
Angola,2015,4475,11101,15515
Angola,2016,4693,10341,14974
Angola,2017,4955,9691,14588
Angola,2018,5298,9174,14419
Angola,2019,5713,8726,14384
Antigua and Barbuda,2000,24,1,25
Antigua and Barbuda,2001,24,1,25
Antigua and Barbuda,2002,23,1,24
Antigua and Barbuda,2003,23,1,24
Antigua and Barbuda,2004,22,1,23
Antigua and Barbuda,2005,22,1,23
Antigua and Barbuda,2006,23,1,24
Antigua and Barbuda,2007,25,1,26
Antigua and Barbuda,2008,25,1,26
Antigua and Barbuda,2009,24,1,25
Antigua and Barbuda,2010,25,1,25
Antigua and Barbuda,2011,25,1,26
Antigua and Barbuda,2012,26,1,26
Antigua and Barbuda,2013,27,1,27
Antigua and Barbuda,2014,28,1,29
Antigua and Barbuda,2015,29,1,29
Antigua and Barbuda,2016,28,1,29
Antigua and Barbuda,2017,28,1,29
Antigua and Barbuda,2018,29,1,29
Antigua and Barbuda,2019,30,0,30
Argentina,2000,11437,2097,13504
Argentina,2001,11352,1978,13293
Argentina,2002,11439,1889,13271
Argentina,2003,11448,1793,13169
Argentina,2004,11093,1641,12668
Argentina,2005,10908,1506,12378
Argentina,2006,10979,1407,12382
Argentina,2007,11434,1347,12777
Argentina,2008,11253,1222,12462
Argentina,2009,11470,1144,12583
Argentina,2010,11835,1091,12889
Argentina,2011,12172,1036,13162
Argentina,2012,12490,979,13401
Argentina,2013,12801,935,13656
Argentina,2014,13006,886,13815
Argentina,2015,13329,853,14142
Argentina,2016,13554,834,14358
Argentina,2017,13108,791,13858
Argentina,2018,13019,739,13697
Argentina,2019,13120,708,13778
Armenia,2000,2608,892,3478
Armenia,2001,2708,857,3545
Armenia,2002,2817,787,3581
Armenia,2003,2946,705,3628
Armenia,2004,2997,601,3573
Armenia,2005,3107,523,3609
Armenia,2006,3232,453,3665
Armenia,2007,3266,370,3613
Armenia,2008,3366,302,3644
Armenia,2009,3380,240,3595
Armenia,2010,3390,199,3562
Armenia,2011,3409,172,3548
Armenia,2012,3389,148,3499
Armenia,2013,3319,127,3406
Armenia,2014,3326,113,3401
Armenia,2015,3398,104,3469
Armenia,2016,3325,96,3390
Armenia,2017,3283,90,3339
Armenia,2018,3260,84,3310
Armenia,2019,3243,78,3287
Australia,2000,2094,56,2149
Australia,2001,2058,50,2105
Australia,2002,2007,45,2049
Australia,2003,1918,39,1955
Australia,2004,1808,34,1840
Australia,2005,1739,30,1768
Australia,2006,1712,27,1738
Australia,2007,1715,25,1738
Australia,2008,1707,23,1727
Australia,2009,1663,21,1682
Australia,2010,1644,20,1662
Australia,2011,1656,19,1674
Australia,2012,1659,17,1674
Australia,2013,1672,16,1686
Australia,2014,1712,16,1725
Australia,2015,1748,15,1761
Australia,2016,1713,14,1725
Australia,2017,1686,14,1697
Australia,2018,1801,14,1812
Australia,2019,1897,13,1907
Austria,2000,4162,27,4165
Austria,2001,4005,24,4004
Austria,2002,3990,23,3982
Austria,2003,3939,21,3929
Austria,2004,3798,20,3787
Austria,2005,3711,18,3702
Mexico,2005,26126,10721,36439
Mexico,2006,26099,10582,36227
Mexico,2007,26080,10608,36239
Mexico,2008,27401,11032,37957
Mexico,2009,28566,11387,39489
Mexico,2010,29002,11193,39771
Mexico,2011,29393,11029,40054
Mexico,2012,30894,11003,41417
Mexico,2013,33264,11244,43961
Mexico,2014,34748,11183,45365
Mexico,2015,35258,11059,45943
Mexico,2016,35635,10782,46110
Mexico,2017,36584,10584,46808
Mexico,2018,37266,10173,47055
Mexico,2019,38854,9854,48332
Monaco,2000,23,0,23
Monaco,2001,23,0,23
Monaco,2002,23,0,23
Monaco,2003,23,0,23
Monaco,2004,23,0,23
Monaco,2005,23,0,23
Monaco,2006,22,0,22
Monaco,2007,22,0,22
Monaco,2008,22,0,22
Monaco,2009,22,0,22
Monaco,2010,22,0,22
Monaco,2011,22,0,22
Monaco,2012,21,0,21
Monaco,2013,21,0,21
Monaco,2014,20,0,20
Monaco,2015,20,0,19
Monaco,2016,18,0,18
Monaco,2017,17,0,16
Monaco,2018,17,0,16
Monaco,2019,17,0,16
Mongolia,2000,1118,2182,3286
Mongolia,2001,1141,2147,3282
Mongolia,2002,1139,2076,3204
Mongolia,2003,1137,2008,3128
Mongolia,2004,1132,1931,3045
Mongolia,2005,1140,1865,2995
Mongolia,2006,1164,1788,2951
Mongolia,2007,1196,1674,2869
Mongolia,2008,1258,1577,2831
Mongolia,2009,1366,1523,2880
Mongolia,2010,1462,1460,2914
Mongolia,2011,1561,1390,2941
Mongolia,2012,1642,1294,2919
Mongolia,2013,1721,1199,2895
Mongolia,2014,1775,1109,2862
Mongolia,2015,1826,1053,2872
Mongolia,2016,1915,1051,2958
Mongolia,2017,1990,1045,3027
Mongolia,2018,2094,1026,3127
Mongolia,2019,2266,1009,3268
Morocco,2000,13113,8311,21357
Morocco,2001,13508,7880,21319
Morocco,2002,13944,7500,21377
Morocco,2003,14766,7261,21956
Morocco,2004,15383,6916,22225
Morocco,2005,16062,6572,22558
Morocco,2006,16837,6203,22951
Morocco,2007,17644,5811,23351
Morocco,2008,18338,5370,23601
Morocco,2009,18985,4926,23803
Morocco,2010,19524,4500,23934
Morocco,2011,20017,4105,24048
Morocco,2012,20617,3751,24293
Morocco,2013,22566,3571,26032
Morocco,2014,23012,3193,26084
Morocco,2015,23554,2832,26256
Morocco,2016,24576,2496,26950
Morocco,2017,25791,2192,27856
Morocco,2018,26867,1923,28630
Morocco,2019,27728,1679,29249
Mozambique,2000,874,26192,27057
Mozambique,2001,886,25624,26503
Mozambique,2002,903,25340,26237
Mozambique,2003,920,24950,25860
Mozambique,2004,959,24890,25832
Mozambique,2005,1019,24935,25928
Mozambique,2006,1142,25836,26933
Mozambique,2007,1220,26064,27240
Mozambique,2008,1297,26300,27564
Mozambique,2009,1363,26238,27578
Mozambique,2010,1447,26212,27638
Mozambique,2011,1548,26072,27589
Mozambique,2012,1677,26197,27828
Mozambique,2013,1785,25979,27703
Mozambique,2014,1843,25740,27534
Mozambique,2015,1875,25465,27304
Mozambique,2016,1873,25042,26884
Mozambique,2017,1878,24757,26597
Mozambique,2018,1914,24753,26618
Mozambique,2019,1956,25017,26921
Myanmar,2000,14288,81358,95000
Myanmar,2001,14804,79665,93921
Myanmar,2002,15753,77522,92688
Myanmar,2003,16944,75195,91432
Myanmar,2004,18157,73150,90552
Myanmar,2005,18933,70366,88582
Myanmar,2006,19973,67829,86961
Myanmar,2007,20987,64746,84695
Myanmar,2008,21772,61979,82643
Myanmar,2009,22099,59773,80969
Myanmar,2010,22323,57530,79091
Myanmar,2011,22833,56143,78197
Myanmar,2012,23181,54697,76959
Myanmar,2013,23540,53983,76496
Myanmar,2014,23383,53211,75665
Myanmar,2015,23437,52528,75102
Myanmar,2016,23451,51966,74635
Myanmar,2017,23704,51304,74323
Myanmar,2018,24832,50356,74417
Myanmar,2019,26148,49223,74544
Namibia,2000,570,1416,1977
Namibia,2001,580,1395,1967
Namibia,2002,597,1400,1990
Namibia,2003,606,1375,1972
Namibia,2004,617,1335,1939
Namibia,2005,628,1292,1906
Namibia,2006,641,1236,1861
Namibia,2007,650,1188,1823
Namibia,2008,659,1141,1786
Namibia,2009,673,1100,1761
Namibia,2010,692,1065,1746
Namibia,2011,704,1012,1705
Namibia,2012,723,968,1680
Namibia,2013,753,935,1675
Namibia,2014,778,905,1670
Namibia,2015,795,880,1665
Namibia,2016,807,858,1656
Namibia,2017,815,835,1638
Namibia,2018,820,807,1616
Namibia,2019,827,775,1591
Nauru,2000,2,2,4
Nauru,2001,2,2,4
Nauru,2002,2,2,4
Nauru,2003,2,2,4
Nauru,2004,2,2,3
Nauru,2005,1,2,3
Nauru,2006,1,2,3
Nauru,2007,1,2,3
Nauru,2008,1,1,3
Nauru,2009,1,1,3
Nauru,2010,1,1,2
Nauru,2011,1,1,2
Nauru,2012,1,1,2
Nauru,2013,1,1,2
Nauru,2014,1,1,2
Nauru,2015,1,1,2
Nauru,2016,1,1,2
Nauru,2017,1,0,2
Nauru,2018,1,0,2
Nauru,2019,1,0,2
Nepal,2000,8602,29750,36482
Nepal,2001,8752,28927,35883
Nepal,2002,8963,28221,35425
Nepal,2003,9457,27650,35217
Nepal,2004,9985,27258,35260
Nepal,2005,10653,27209,35795
Nepal,2006,11340,27014,36219
Nepal,2007,12292,26704,36626
Nepal,2008,13033,26276,36864
Nepal,2009,13735,25830,37110
Nepal,2010,14395,25304,37278
Nepal,2011,15674,24858,37892
Nepal,2012,17026,24291,38492
Nepal,2013,18567,23824,39335
Nepal,2014,19501,23208,39684
Nepal,2015,20379,22919,40296
Nepal,2016,21070,22753,40593
Nepal,2017,21716,22628,40954
Nepal,2018,22494,22235,41426
Nepal,2019,23974,21603,42115
Netherlands,2000,7828,21,7810
Netherlands,2001,7542,19,7528
Netherlands,2002,7463,18,7432
Netherlands,2003,7213,16,7181
Netherlands,2004,6777,14,6747
Netherlands,2005,6485,13,6460
Netherlands,2006,6265,12,6244
Netherlands,2007,6134,10,6112
Netherlands,2008,6078,10,6058
Netherlands,2009,6044,9,6024
Netherlands,2010,5993,8,5972
Netherlands,2011,5795,8,5776
Netherlands,2012,5579,7,5557
Netherlands,2013,5258,7,5232
Netherlands,2014,4933,6,4905
Netherlands,2015,4849,6,4823
Netherlands,2016,4834,6,4811
Netherlands,2017,4861,6,4841
Netherlands,2018,4973,6,4947
Netherlands,2019,4998,6,4970
New Zealand,2000,395,8,402
New Zealand,2001,387,7,394
New Zealand,2002,375,6,382
New Zealand,2003,355,6,361
New Zealand,2004,339,5,345
New Zealand,2005,323,5,327
New Zealand,2006,319,4,323
New Zealand,2007,317,4,321
New Zealand,2008,313,4,317
New Zealand,2009,312,4,315
New Zealand,2010,308,3,311
New Zealand,2011,311,3,315
New Zealand,2012,301,3,304
New Zealand,2013,289,3,292
New Zealand,2014,288,3,290
New Zealand,2015,284,3,287
New Zealand,2016,288,3,290
New Zealand,2017,283,2,286
New Zealand,2018,317,3,319
New Zealand,2019,333,3,334
Nicaragua,2000,410,1915,2319
Nicaragua,2001,445,1934,2371
Nicaragua,2002,488,1979,2457
Nicaragua,2003,530,1995,2512
Nicaragua,2004,560,2015,2564
Nicaragua,2005,605,2069,2666
Nicaragua,2006,596,1945,2535
Nicaragua,2007,639,2002,2634
Nicaragua,2008,665,2005,2663
Nicaragua,2009,681,1971,2644
Nicaragua,2010,697,1915,2605
Nicaragua,2011,745,1901,2639
Nicaragua,2012,804,1871,2662
Nicaragua,2013,848,1848,2684
Nicaragua,2014,888,1827,2704
Nicaragua,2015,897,1782,2672
Nicaragua,2016,920,1800,2708
Nicaragua,2017,907,1775,2675
Nicaragua,2018,963,1766,2725
Nicaragua,2019,1034,1735,2760
Niger,2000,1987,25239,27197
Niger,2001,2038,25346,27358
Niger,2002,2048,24924,26948
Niger,2003,2088,24838,26899
Niger,2004,2030,23676,25673
Niger,2005,2129,24437,26526
Niger,2006,2092,23695,25736
Niger,2007,2088,23490,25523
Niger,2008,1975,22168,24092
Niger,2009,1974,22126,24054
Niger,2010,1993,22119,24061
Niger,2011,2120,22772,24839
Niger,2012,2300,23282,25526
Niger,2013,2544,24046,26522
Niger,2014,2749,24622,27291
Niger,2015,2907,25389,28196
Niger,2016,2914,26191,29009
Niger,2017,2896,26757,29558
Niger,2018,2973,26612,29461
Niger,2019,3128,26507,29505
Nigeria,2000,33907,197167,230612
Nigeria,2001,34958,196330,230981
Nigeria,2002,36496,194189,230415
Nigeria,2003,37916,189536,227088
Nigeria,2004,39293,184314,223139
Nigeria,2005,40237,178632,218335
Nigeria,2006,41711,177584,218623
Nigeria,2007,42734,174043,215978
Nigeria,2008,43624,168903,211666
Nigeria,2009,45248,165344,209789
Nigeria,2010,47250,160717,207375
Nigeria,2011,50363,155330,205217
Nigeria,2012,55216,151876,206400
Nigeria,2013,60440,148665,208049
Nigeria,2014,64393,145449,208690
Nigeria,2015,66925,143407,209544
Nigeria,2016,67052,141995,208371
Nigeria,2017,66247,137851,203340
Nigeria,2018,67278,133220,199796
Nigeria,2019,70181,128259,197567
Niue,2000,0,1,1
Niue,2001,0,1,1
Niue,2002,0,0,1
Niue,2003,0,0,1
Niue,2004,0,0,1
Niue,2005,0,0,1
Niue,2006,0,0,1
Niue,2007,0,0,1
Niue,2008,0,0,1
Niue,2009,0,0,1
Niue,2010,0,0,1
Niue,2011,0,0,1
Niue,2012,0,0,1
Niue,2013,0,0,1
Niue,2014,0,0,1
Niue,2015,0,0,1
Niue,2016,0,0,1
Niue,2017,0,0,1
Niue,2018,0,0,1
Niue,2019,0,0,1
North Macedonia,2000,2571,993,3552
North Macedonia,2001,2633,971,3596
Austria,2006,3607,17,3597
Austria,2007,3552,16,3541
Austria,2008,3469,14,3459
Austria,2009,3453,14,3443
Austria,2010,3387,13,3376
Austria,2011,3315,12,3303
Austria,2012,3251,12,3238
Austria,2013,3139,11,3126
Austria,2014,3025,11,3011
Austria,2015,2935,11,2922
Austria,2016,2707,10,2696
Austria,2017,2537,9,2527
Austria,2018,2580,9,2568
Austria,2019,2668,9,2655
Azerbaijan,2000,4848,3253,8077
Azerbaijan,2001,4847,3024,7842
Azerbaijan,2002,4980,2840,7768
Azerbaijan,2003,5206,2680,7812
Azerbaijan,2004,5373,2464,7767
Azerbaijan,2005,5645,2291,7920
Azerbaijan,2006,5899,2064,8006
Azerbaijan,2007,6160,1789,7999
Azerbaijan,2008,6535,1541,8103
Azerbaijan,2009,6854,1325,8177
Azerbaijan,2010,7092,1174,8250
Azerbaijan,2011,7323,1082,8379
Azerbaijan,2012,7525,1003,8487
Azerbaijan,2013,7681,937,8563
Azerbaijan,2014,7840,885,8673
Azerbaijan,2015,7894,828,8699
Azerbaijan,2016,7930,789,8695
Azerbaijan,2017,7964,757,8696
Azerbaijan,2018,7859,702,8559
Azerbaijan,2019,8004,666,8643
Bahamas,2000,74,4,79
Bahamas,2001,76,4,80
Bahamas,2002,74,4,78
Bahamas,2003,74,4,78
Bahamas,2004,75,4,78
Bahamas,2005,73,3,76
Bahamas,2006,74,3,77
Bahamas,2007,72,3,75
Bahamas,2008,74,3,77
Bahamas,2009,77,3,80
Bahamas,2010,78,3,81
Bahamas,2011,80,3,83
Bahamas,2012,82,2,85
Bahamas,2013,84,2,87
Bahamas,2014,88,2,90
Bahamas,2015,92,2,95
Bahamas,2016,93,2,95
Bahamas,2017,93,2,95
Bahamas,2018,96,2,98
Bahamas,2019,100,2,102
Bahrain,2000,335,8,340
Bahrain,2001,315,7,318
Bahrain,2002,354,6,357
Bahrain,2003,396,6,398
Bahrain,2004,410,5,411
Bahrain,2005,417,5,417
Bahrain,2006,418,4,418
Bahrain,2007,421,4,419
Bahrain,2008,426,3,423
Bahrain,2009,429,3,427
Bahrain,2010,436,3,435
Bahrain,2011,444,3,443
Bahrain,2012,452,2,451
Bahrain,2013,460,2,458
Bahrain,2014,473,2,472
Bahrain,2015,502,2,499
Bahrain,2016,530,2,527
Bahrain,2017,565,2,561
Bahrain,2018,598,2,594
Bahrain,2019,643,2,638
Bangladesh,2000,33328,129081,159196
Bangladesh,2001,33795,127669,158355
Bangladesh,2002,34797,128797,160499
Bangladesh,2003,36271,129708,162577
Bangladesh,2004,37154,129416,163094
Bangladesh,2005,38743,130572,165735
Bangladesh,2006,40744,131190,168250
Bangladesh,2007,42962,129410,168350
Bangladesh,2008,44477,125537,165928
Bangladesh,2009,46134,122790,165123
Bangladesh,2010,49043,120919,166128
Bangladesh,2011,50150,112141,158413
Bangladesh,2012,52758,104134,152624
Bangladesh,2013,57540,100312,153263
Bangladesh,2014,63283,99198,157813
Bangladesh,2015,65718,96424,158098
Bangladesh,2016,68178,96138,160162
Bangladesh,2017,73273,98828,167502
Bangladesh,2018,77886,97347,170422
Bangladesh,2019,83912,94789,173515
Barbados,2000,145,0,145
Barbados,2001,138,0,139
Barbados,2002,140,0,140
Barbados,2003,141,0,141
Barbados,2004,137,0,138
Barbados,2005,132,0,133
Barbados,2006,132,0,133
Barbados,2007,133,0,133
Barbados,2008,132,0,132
Barbados,2009,129,0,129
Barbados,2010,130,0,130
Barbados,2011,134,0,134
Barbados,2012,137,0,138
Barbados,2013,144,0,145
Barbados,2014,152,0,152
Barbados,2015,157,0,157
Barbados,2016,157,0,157
Barbados,2017,158,0,158
Barbados,2018,164,0,164
Barbados,2019,175,0,175
Belarus,2000,12511,665,13133
Belarus,2001,13074,656,13685
Belarus,2002,13679,646,14275
Belarus,2003,13236,583,13770
Belarus,2004,12934,529,13418
Belarus,2005,13146,491,13607
Belarus,2006,12769,426,13179
Belarus,2007,12298,356,12636
Belarus,2008,12422,305,12704
Belarus,2009,12653,265,12891
Belarus,2010,12788,233,13004
Belarus,2011,12869,213,13076
Belarus,2012,11286,173,11458
Belarus,2013,10773,156,10926
Belarus,2014,10211,141,10345
Belarus,2015,9586,127,9701
Belarus,2016,8945,118,9051
Belarus,2017,8567,111,8670
Belarus,2018,8445,102,8541
Belarus,2019,8483,96,8570
Belgium,2000,5755,21,5745
Belgium,2001,5504,19,5496
Belgium,2002,5508,18,5485
Belgium,2003,5344,17,5320
Belgium,2004,5095,15,5069
Belgium,2005,4950,14,4929
Belgium,2006,4819,12,4800
Belgium,2007,4873,12,4854
Belgium,2008,4940,11,4922
Belgium,2009,5010,10,4990
Belgium,2010,4983,9,4962
Belgium,2011,4833,9,4815
Belgium,2012,4648,8,4627
North Macedonia,2002,2725,955,3667
North Macedonia,2003,2734,914,3628
North Macedonia,2004,2689,862,3529
North Macedonia,2005,2725,836,3542
North Macedonia,2006,2795,822,3603
North Macedonia,2007,2869,808,3661
North Macedonia,2008,2813,760,3557
North Macedonia,2009,2834,732,3550
North Macedonia,2010,2816,703,3508
North Macedonia,2011,2770,671,3433
North Macedonia,2012,2792,659,3444
North Macedonia,2013,2719,622,3335
North Macedonia,2014,2758,613,3362
North Macedonia,2015,2795,606,3393
North Macedonia,2016,2797,586,3376
North Macedonia,2017,2795,568,3357
North Macedonia,2018,2779,551,3324
North Macedonia,2019,2771,535,3301
Northern Mariana Islands,2000,8,4,11
Northern Mariana Islands,2001,8,4,11
Northern Mariana Islands,2002,8,3,11
Northern Mariana Islands,2003,8,3,11
Northern Mariana Islands,2004,8,3,11
Northern Mariana Islands,2005,8,3,11
Northern Mariana Islands,2006,8,3,11
Northern Mariana Islands,2007,8,4,12
Northern Mariana Islands,2008,8,4,12
Northern Mariana Islands,2009,8,4,12
Northern Mariana Islands,2010,8,4,13
Northern Mariana Islands,2011,9,5,13
Northern Mariana Islands,2012,10,5,15
Northern Mariana Islands,2013,11,5,16
Northern Mariana Islands,2014,12,6,18
Northern Mariana Islands,2015,13,6,19
Northern Mariana Islands,2016,12,6,18
Northern Mariana Islands,2017,11,6,16
Northern Mariana Islands,2018,11,5,16
Northern Mariana Islands,2019,11,5,17
Norway,2000,1245,5,1245
Norway,2001,1178,4,1177
Norway,2002,1093,4,1091
Norway,2003,974,3,973
Norway,2004,864,3,863
Norway,2005,808,3,807
Norway,2006,779,3,778
Norway,2007,778,2,777
Norway,2008,755,2,754
Norway,2009,742,2,741
Norway,2010,723,2,721
Norway,2011,714,2,712
Norway,2012,682,2,680
Norway,2013,631,2,629
Norway,2014,567,1,565
Norway,2015,514,1,513
Norway,2016,470,1,470
Norway,2017,427,1,427
Norway,2018,448,1,448
Norway,2019,454,1,454
Oman,2000,1234,110,1338
Oman,2001,1246,90,1334
Oman,2002,1275,75,1348
Oman,2003,1274,60,1332
Oman,2004,1238,47,1280
Oman,2005,1264,40,1300
Oman,2006,1339,36,1371
Oman,2007,1384,31,1409
Oman,2008,1397,27,1416
Oman,2009,1377,23,1392
Oman,2010,1419,20,1433
Oman,2011,1491,18,1505
Oman,2012,1544,16,1555
Oman,2013,1568,14,1576
Oman,2014,1575,12,1581
Oman,2015,1630,11,1633
Oman,2016,1669,10,1671
Oman,2017,1672,9,1673
Oman,2018,1592,7,1593
Oman,2019,1576,6,1576
Pakistan,2000,56126,175104,226602
Pakistan,2001,58495,174433,228573
Pakistan,2002,60483,173755,230045
Pakistan,2003,62950,172332,230768
Pakistan,2004,65070,170346,230922
Pakistan,2005,67389,167236,230317
Pakistan,2006,70322,164733,231097
Pakistan,2007,73831,160140,229661
Pakistan,2008,78516,158548,232534
Pakistan,2009,82578,155425,233545
Pakistan,2010,86535,152240,234580
Pakistan,2011,91513,148010,235058
Pakistan,2012,97740,143907,236473
Pakistan,2013,104848,140353,239328
Pakistan,2014,110262,136675,241205
Pakistan,2015,113647,132877,241635
Pakistan,2016,115471,130447,240823
Pakistan,2017,116805,127381,238759
Pakistan,2018,118845,121523,235474
Pakistan,2019,124913,116090,235657
Palau,2000,3,0,3
Palau,2001,3,0,3
Palau,2002,3,0,3
Palau,2003,3,0,3
Palau,2004,4,0,4
Palau,2005,4,0,4
Palau,2006,4,0,4
Palau,2007,3,0,3
Palau,2008,3,0,3
Palau,2009,3,0,3
Palau,2010,3,0,3
Palau,2011,3,0,3
Palau,2012,4,0,4
Palau,2013,5,0,5
Palau,2014,6,0,6
Palau,2015,7,0,7
Palau,2016,6,0,6
Palau,2017,4,0,4
Palau,2018,4,0,4
Palau,2019,5,0,5
Palestine,2000,1162,198,1354
Palestine,2001,1213,179,1387
Palestine,2002,1266,163,1425
Palestine,2003,1309,149,1453
Palestine,2004,1346,136,1478
Palestine,2005,1377,122,1493
Palestine,2006,1420,108,1519
Palestine,2007,1453,94,1536
Palestine,2008,1497,81,1566
Palestine,2009,1533,70,1593
Palestine,2010,1569,63,1624
Palestine,2011,1593,57,1647
Palestine,2012,1559,50,1607
Palestine,2013,1575,46,1619
Palestine,2014,1678,44,1718
Palestine,2015,1760,41,1793
Palestine,2016,1753,38,1783
Palestine,2017,1738,34,1766
Palestine,2018,1771,31,1794
Palestine,2019,1827,28,1848
Belgium,2013,4339,8,4317
Belgium,2014,3977,7,3955
Belgium,2015,3826,7,3806
Belgium,2016,3684,6,3668
Belgium,2017,3675,6,3660
Belgium,2018,3753,6,3733
Belgium,2019,3807,6,3787
Belize,2000,60,47,106
Belize,2001,56,43,98
Belize,2002,55,40,94
Belize,2003,55,39,93
Belize,2004,55,38,93
Belize,2005,55,37,92
Belize,2006,56,37,93
Belize,2007,56,36,91
Belize,2008,54,34,88
Belize,2009,56,34,89
Belize,2010,58,34,92
Belize,2011,60,33,94
Belize,2012,64,32,96
Belize,2013,70,32,101
Belize,2014,76,32,107
Belize,2015,80,31,112
Belize,2016,82,31,112
Belize,2017,84,30,114
Belize,2018,90,30,120
Belize,2019,95,30,124
Benin,2000,1143,9293,10413
Benin,2001,1143,9273,10402
Benin,2002,1161,9469,10620
Benin,2003,1160,9485,10630
Benin,2004,1174,9612,10768
Benin,2005,1190,9617,10782
Benin,2006,1232,9686,10883
Benin,2007,1269,9678,10908
Benin,2008,1328,9800,11090
Benin,2009,1400,9967,11334
Benin,2010,1495,10125,11586
Benin,2011,1618,10199,11776
Benin,2012,1793,10300,12038
Benin,2013,1964,10290,12185
Benin,2014,2094,10208,12229
Benin,2015,2203,10340,12481
Benin,2016,2204,10366,12518
Benin,2017,2214,10363,12523
Benin,2018,2271,10077,12288
Benin,2019,2419,9891,12238
Bermuda,2000,11,3,14
Bermuda,2001,10,2,13
Bermuda,2002,10,2,12
Bermuda,2003,10,2,12
Bermuda,2004,10,2,11
Bermuda,2005,9,2,11
Bermuda,2006,9,2,11
Bermuda,2007,9,1,10
Bermuda,2008,8,1,9
Bermuda,2009,8,1,9
Bermuda,2010,8,1,9
Bermuda,2011,8,1,9
Bermuda,2012,8,1,9
Bermuda,2013,8,1,9
Bermuda,2014,8,1,9
Bermuda,2015,8,1,9
Bermuda,2016,9,1,9
Bermuda,2017,9,1,10
Bermuda,2018,9,1,10
Bermuda,2019,9,1,10
Bhutan,2000,123,640,740
Bhutan,2001,128,620,726
Bhutan,2002,134,593,707
Bhutan,2003,147,573,698
Bhutan,2004,158,548,683
Bhutan,2005,168,522,667
Bhutan,2006,179,494,649
Bhutan,2007,199,479,650
Bhutan,2008,214,456,641
Bhutan,2009,225,435,634
Bhutan,2010,236,419,631
Bhutan,2011,254,406,635
Bhutan,2012,275,395,642
Bhutan,2013,291,385,647
Bhutan,2014,300,377,650
Bhutan,2015,307,371,654
Bhutan,2016,313,367,653
Bhutan,2017,317,364,651
Bhutan,2018,321,359,653
Bhutan,2019,336,352,660
Bosnia and Herzegovina,2000,2992,2254,5217
Bosnia and Herzegovina,2001,3207,2242,5429
Bosnia and Herzegovina,2002,3389,2189,5555
Bosnia and Herzegovina,2003,3463,2077,5514
Bosnia and Herzegovina,2004,3496,1969,5434
Bosnia and Herzegovina,2005,3644,1917,5534
Bosnia and Herzegovina,2006,3619,1797,5390
Bosnia and Herzegovina,2007,3817,1783,5574
Bosnia and Herzegovina,2008,3641,1609,5224
Bosnia and Herzegovina,2009,3677,1542,5194
Bosnia and Herzegovina,2010,3692,1479,5148
Bosnia and Herzegovina,2011,3753,1435,5171
Bosnia and Herzegovina,2012,3729,1364,5085
Bosnia and Herzegovina,2013,3769,1323,5091
Bosnia and Herzegovina,2014,3808,1292,5095
Bosnia and Herzegovina,2015,3908,1294,5181
Bosnia and Herzegovina,2016,3754,1246,4976
Bosnia and Herzegovina,2017,3651,1218,4851
Bosnia and Herzegovina,2018,3695,1191,4850
Bosnia and Herzegovina,2019,3710,1148,4837
Botswana,2000,567,1117,1680
Botswana,2001,603,1110,1708
Botswana,2002,632,1092,1720
Botswana,2003,651,1052,1699
Botswana,2004,665,995,1654
Botswana,2005,673,931,1598
Botswana,2006,702,891,1585
Botswana,2007,713,838,1543
Botswana,2008,744,813,1549
Botswana,2009,771,786,1550
Botswana,2010,802,771,1568
Botswana,2011,830,756,1583
Botswana,2012,850,736,1582
Botswana,2013,872,720,1587
Botswana,2014,888,707,1591
Botswana,2015,901,695,1591
Botswana,2016,900,682,1577
Botswana,2017,911,676,1581
Botswana,2018,934,661,1588
Botswana,2019,966,636,1596
Brazil,2000,38010,32814,70631
Brazil,2001,38761,31804,70380
Brazil,2002,39727,30809,70325
Brazil,2003,40739,29773,70275
Brazil,2004,41378,28695,69869
Brazil,2005,41152,27237,68220
Brazil,2006,42312,26103,68260
Brazil,2007,43171,25052,68088
Brazil,2008,43965,24032,67885
Brazil,2009,44947,23047,67870
Brazil,2010,45765,22100,67691
Brazil,2011,46041,21237,67018
Brazil,2012,44652,20005,64346
Brazil,2013,43483,18825,61975
Brazil,2014,42199,17715,59608
Brazil,2015,42191,16879,58842
Brazil,2016,43893,16205,59854
Brazil,2017,43840,15340,58945
Brazil,2018,45635,14678,60007
Brazil,2019,47257,14016,60915
Bulgaria,2000,13703,3487,17168
Bulgaria,2001,13313,3349,16636
Bulgaria,2002,13011,3242,16212
Bulgaria,2003,12639,3123,15714
Bulgaria,2004,12251,3016,15223
Bulgaria,2005,12084,2960,15012
Bulgaria,2006,11977,2886,14828
Bulgaria,2007,11602,2737,14300
Bulgaria,2008,11241,2583,13783
Bulgaria,2009,10946,2457,13365
Bulgaria,2010,10745,2373,13080
Bulgaria,2011,10468,2283,12714
Bulgaria,2012,10032,2171,12165
Bulgaria,2013,9617,2069,11648
Bulgaria,2014,9656,2078,11700
Bulgaria,2015,9412,2014,11394
Bulgaria,2016,9256,1953,11184
Bulgaria,2017,9145,1894,11015
Bulgaria,2018,9252,1872,11095
Bulgaria,2019,9226,1812,11013
Burkina Faso,2000,1585,19908,21469
Burkina Faso,2001,1630,19853,21464
Burkina Faso,2002,1707,20216,21909
Burkina Faso,2003,1760,20178,21919
Burkina Faso,2004,1826,20260,22063
Burkina Faso,2005,1900,20358,22228
Burkina Faso,2006,1965,20339,22264
Burkina Faso,2007,2000,20141,22096
Burkina Faso,2008,2054,20200,22214
Burkina Faso,2009,2116,20230,22312
Burkina Faso,2010,2238,20584,22790
Burkina Faso,2011,2392,20844,23210
Burkina Faso,2012,2619,21320,23916
Burkina Faso,2013,2872,21820,24661
Burkina Faso,2014,3076,22192,25224
Burkina Faso,2015,3250,22928,26110
Burkina Faso,2016,3243,23556,26740
Burkina Faso,2017,3233,24116,27291
Burkina Faso,2018,3358,24434,27706
Burkina Faso,2019,3499,24303,27717
Burundi,2000,654,9367,10005
Burundi,2001,636,9152,9773
Burundi,2002,632,9238,9861
Burundi,2003,633,9303,9927
Burundi,2004,648,9417,10048
Burundi,2005,671,9555,10197
Burundi,2006,694,9544,10193
Burundi,2007,696,9512,10171
Burundi,2008,699,9456,10128
Burundi,2009,716,9424,10117
Burundi,2010,761,9570,10303
Burundi,2011,807,9569,10342
Burundi,2012,870,9648,10481
Burundi,2013,936,9688,10580
Burundi,2014,975,9627,10556
Burundi,2015,991,9540,10477
Burundi,2016,963,9447,10360
Burundi,2017,963,9539,10448
Burundi,2018,1035,9877,10837
Burundi,2019,1092,10004,11014
Cambodia,2000,1853,18037,19878
Cambodia,2001,1926,17544,19452
Cambodia,2002,2023,17127,19127
Cambodia,2003,2134,16610,18704
Cambodia,2004,2229,16130,18316
Cambodia,2005,2308,15678,17948
Cambodia,2006,2397,15226,17581
Cambodia,2007,2518,14893,17355
Cambodia,2008,2644,14608,17183
Cambodia,2009,2736,14383,17059
Cambodia,2010,2855,14312,17109
Cambodia,2011,2957,14232,17127
Cambodia,2012,3045,14201,17172
Cambodia,2013,3075,14145,17151
Cambodia,2014,3104,14151,17192
Cambodia,2015,3155,14126,17214
Cambodia,2016,3181,14121,17233
Cambodia,2017,3215,14104,17269
Cambodia,2018,3415,14099,17451
Cambodia,2019,3663,14034,17622
Cameroon,2000,4682,13507,18157
Cameroon,2001,4820,13757,18585
Cameroon,2002,5112,14478,19604
Cameroon,2003,5271,14781,20042
Cameroon,2004,5409,14972,20344
Cameroon,2005,5601,15199,20744
Cameroon,2006,5849,15389,21170
Cameroon,2007,6030,15278,21237
Cameroon,2008,6303,15292,21534
Cameroon,2009,6652,15345,21942
Cameroon,2010,7055,15370,22372
Cameroon,2011,7536,15171,22631
Cameroon,2012,8150,14821,22846
Cameroon,2013,8847,14491,23159
Cameroon,2014,9353,14050,23225
Cameroon,2015,9551,13559,23015
Cameroon,2016,9544,13308,22772
Cameroon,2017,9483,12942,22333
Cameroon,2018,9845,12567,22333
Cameroon,2019,10482,12068,22433
Canada,2000,5976,70,6018
Canada,2001,5902,63,5938
Canada,2002,5987,54,6011
Canada,2003,5890,45,5909
Canada,2004,5807,36,5817
Canada,2005,5703,29,5706
Canada,2006,5538,25,5532
Canada,2007,5316,21,5308
Canada,2008,5009,17,5001
Canada,2009,4708,14,4700
Canada,2010,4453,12,4445
Canada,2011,4335,11,4324
Canada,2012,4217,10,4206
Canada,2013,4123,9,4111
Canada,2014,4088,9,4077
Canada,2015,4075,8,4064
Canada,2016,4142,8,4132
Canada,2017,4138,8,4129
Canada,2018,4397,8,4384
Canada,2019,4393,8,4381
Central African Republic,2000,653,6710,7330
Central African Republic,2001,653,6762,7385
Central African Republic,2002,651,6815,7439
Central African Republic,2003,658,6859,7485
Central African Republic,2004,666,6918,7548
Central African Republic,2005,689,6983,7624
Central African Republic,2006,726,7126,7794
Central African Republic,2007,754,7187,7879
Central African Republic,2008,768,7212,7928
Central African Republic,2009,795,7288,8037
Central African Republic,2010,834,7385,8173
Central African Republic,2011,867,7347,8170
Central African Republic,2012,895,7217,8072
Central African Republic,2013,938,7174,8073
Central African Republic,2014,963,7096,8020
Central African Republic,2015,986,7060,7993
Sierra Leone,2013,1363,8414,9741
Panama,2000,463,299,760
Panama,2001,481,298,776
Panama,2002,497,303,796
Panama,2003,522,313,831
Panama,2004,519,316,832
Panama,2005,531,320,848
Panama,2006,544,315,856
Panama,2007,544,297,838
Panama,2008,563,285,844
Panama,2009,580,273,850
Panama,2010,600,261,860
Panama,2011,628,250,878
Panama,2012,667,241,907
Panama,2013,700,232,930
Panama,2014,721,218,937
Panama,2015,726,202,926
Panama,2016,700,187,886
Panama,2017,666,176,841
Panama,2018,664,164,825
Panama,2019,672,154,823
Papua New Guinea,2000,512,7518,8030
Papua New Guinea,2001,523,7717,8238
Papua New Guinea,2002,533,7964,8494
Papua New Guinea,2003,540,8210,8749
Papua New Guinea,2004,553,8516,9069
Papua New Guinea,2005,574,8875,9449
Papua New Guinea,2006,609,9135,9740
Papua New Guinea,2007,660,9336,9988
Papua New Guinea,2008,717,9461,10167
Papua New Guinea,2009,769,9547,10307
Papua New Guinea,2010,819,9761,10579
Papua New Guinea,2011,854,9911,10771
Papua New Guinea,2012,888,10063,10958
Papua New Guinea,2013,919,10170,11092
Papua New Guinea,2014,951,10294,11243
Papua New Guinea,2015,985,10456,11439
Papua New Guinea,2016,1013,10594,11604
Papua New Guinea,2017,1049,10797,11846
Papua New Guinea,2018,1110,11013,12124
Papua New Guinea,2019,1183,11169,12351
Paraguay,2000,613,1720,2329
Paraguay,2001,609,1667,2276
Paraguay,2002,624,1653,2276
Paraguay,2003,654,1689,2342
Paraguay,2004,700,1753,2449
Paraguay,2005,720,1743,2458
Paraguay,2006,754,1747,2495
Paraguay,2007,770,1690,2452
Paraguay,2008,796,1666,2453
Paraguay,2009,853,1691,2535
Paraguay,2010,882,1674,2552
Paraguay,2011,879,1598,2474
Paraguay,2012,872,1525,2389
Paraguay,2013,880,1498,2365
Paraguay,2014,851,1398,2235
Paraguay,2015,865,1348,2206
Paraguay,2016,959,1354,2308
Paraguay,2017,1013,1298,2302
Paraguay,2018,1057,1240,2288
Paraguay,2019,1099,1194,2284
Peru,2000,5283,5433,10712
Peru,2001,5141,5165,10325
Peru,2002,5187,5109,10319
Peru,2003,5346,5173,10535
Peru,2004,5317,5024,10345
Peru,2005,5379,4947,10319
Peru,2006,5415,4760,10158
Peru,2007,5447,4501,9925
Peru,2008,5740,4440,10155
Peru,2009,6693,4802,11473
Peru,2010,7183,4780,11956
Peru,2011,7434,4565,11996
Peru,2012,7684,4308,11976
Peru,2013,7884,4028,11887
Peru,2014,7883,3650,11505
Peru,2015,7927,3316,11231
Peru,2016,8131,3049,11160
Peru,2017,8343,2805,11136
Peru,2018,8653,2607,11255
Peru,2019,8997,2439,11414
Philippines,2000,19103,33502,52569
Philippines,2001,20770,35548,56219
Philippines,2002,22183,37619,59690
Philippines,2003,22840,38612,61344
Philippines,2004,23485,39754,63158
Philippines,2005,24607,42175,66727
Philippines,2006,25073,43892,68885
Philippines,2007,24989,45528,70385
Philippines,2008,25381,48262,73438
Philippines,2009,25679,50531,76013
Philippines,2010,25854,51844,77603
Philippines,2011,26207,52523,78736
Philippines,2012,26793,52134,78891
Philippines,2013,27315,50400,77575
Philippines,2014,27951,48532,76301
Philippines,2015,28918,47699,76561
Philippines,2016,29334,46774,76124
Philippines,2017,29866,45656,75510
Philippines,2018,30803,44165,74942
Philippines,2019,32138,42675,74783
Poland,2000,32875,6783,39516
Poland,2001,31964,6318,38158
Poland,2002,31253,5933,37027
Poland,2003,30989,5655,36451
Poland,2004,31079,5449,36331
Poland,2005,31071,5233,36157
Poland,2006,31353,5040,36280
Poland,2007,31852,4867,36579
Poland,2008,31986,4655,36468
Poland,2009,32070,4460,36349
Poland,2010,31227,4157,35266
Poland,2011,30646,3952,34536
Poland,2012,30178,3830,33921
Poland,2013,28883,3637,32394
Poland,2014,27307,3399,30556
Poland,2015,27487,3322,30691
Poland,2016,27240,3145,30269
Poland,2017,27586,3036,30527
Poland,2018,28155,2932,31008
Poland,2019,28426,2808,31119
Portugal,2000,4112,235,4332
Portugal,2001,4049,211,4253
Portugal,2002,4017,190,4199
Portugal,2003,3942,170,4100
Portugal,2004,3758,146,3883
Portugal,2005,3679,129,3781
Portugal,2006,3549,113,3632
Portugal,2007,3397,101,3472
Portugal,2008,3241,90,3307
Portugal,2009,3136,80,3195
Portugal,2010,3011,72,3062
Portugal,2011,2883,64,2927
Portugal,2012,2819,59,2857
Portugal,2013,2729,54,2762
Portugal,2014,2616,49,2646
Portugal,2015,2485,45,2514
Portugal,2016,2417,42,2445
Portugal,2017,2388,39,2414
Portugal,2018,2390,36,2412
Portugal,2019,2391,34,2411
Puerto Rico,2000,433,1,433
Puerto Rico,2001,437,1,437
Puerto Rico,2002,402,1,402
Puerto Rico,2003,389,1,388
Puerto Rico,2004,356,1,357
Puerto Rico,2005,340,1,342
Puerto Rico,2006,328,1,329
Puerto Rico,2007,332,1,333
Puerto Rico,2008,336,1,337
Puerto Rico,2009,345,1,345
Puerto Rico,2010,334,1,335
Puerto Rico,2011,364,1,365
Puerto Rico,2012,354,1,354
Puerto Rico,2013,371,1,371
Puerto Rico,2014,371,1,372
Puerto Rico,2015,361,1,362
Puerto Rico,2016,381,1,382
Puerto Rico,2017,393,1,393
Puerto Rico,2018,416,1,416
Puerto Rico,2019,434,1,434
Qatar,2000,241,0,240
Qatar,2001,246,0,246
Qatar,2002,262,0,261
Qatar,2003,276,0,274
Qatar,2004,281,0,279
Qatar,2005,297,0,296
Qatar,2006,319,0,317
Qatar,2007,337,0,335
Qatar,2008,350,0,348
Qatar,2009,366,0,364
Qatar,2010,377,0,375
Qatar,2011,386,0,384
Qatar,2012,402,0,401
Qatar,2013,424,0,421
Qatar,2014,443,0,441
Qatar,2015,457,0,454
Qatar,2016,467,0,464
Qatar,2017,483,0,480
Qatar,2018,514,0,511
Qatar,2019,548,0,545
Romania,2000,19388,8802,28097
Romania,2001,19720,8461,28075
Romania,2002,20202,8105,28155
Romania,2003,19982,7510,27325
Romania,2004,19169,6743,25763
Romania,2005,18880,6266,25058
Romania,2006,18420,5633,24011
Romania,2007,17926,5005,22930
Romania,2008,18081,4570,22660
Romania,2009,18117,4210,22331
Romania,2010,17938,3893,21778
Romania,2011,16775,3500,20176
Romania,2012,16479,3346,19717
Romania,2013,15351,3075,18346
Romania,2014,15293,3028,18276
Romania,2015,14855,2883,17710
Romania,2016,14617,2750,17346
Romania,2017,14565,2643,17183
Romania,2018,14625,2540,17128
Romania,2019,14723,2434,17138
Rwanda,2000,1109,10591,11686
Rwanda,2001,1089,10140,11218
Rwanda,2002,1088,9902,10984
Rwanda,2003,1094,9665,10752
Rwanda,2004,1138,9652,10775
Rwanda,2005,1154,9335,10466
Rwanda,2006,1165,8900,10033
Rwanda,2007,1172,8594,9742
Rwanda,2008,1180,8305,9470
Rwanda,2009,1154,7700,8840
Rwanda,2010,1211,7605,8792
Rwanda,2011,1279,7483,8726
Rwanda,2012,1382,7502,8839
Rwanda,2013,1423,7133,8502
Rwanda,2014,1516,7179,8640
Rwanda,2015,1585,7237,8770
Rwanda,2016,1603,7292,8846
Rwanda,2017,1632,7320,8898
Rwanda,2018,1753,7425,9110
Rwanda,2019,1900,7468,9286
Saint Kitts and Nevis,2000,10,3,13
Saint Kitts and Nevis,2001,10,3,13
Saint Kitts and Nevis,2002,9,3,12
Saint Kitts and Nevis,2003,8,2,11
Saint Kitts and Nevis,2004,8,2,10
Saint Kitts and Nevis,2005,8,2,10
Saint Kitts and Nevis,2006,8,2,10
Saint Kitts and Nevis,2007,8,2,9
Saint Kitts and Nevis,2008,7,2,9
Saint Kitts and Nevis,2009,7,1,9
Saint Kitts and Nevis,2010,7,1,9
Saint Kitts and Nevis,2011,8,1,9
Saint Kitts and Nevis,2012,8,1,9
Saint Kitts and Nevis,2013,8,1,9
Saint Kitts and Nevis,2014,9,1,10
Saint Kitts and Nevis,2015,9,1,10
Saint Kitts and Nevis,2016,9,1,10
Saint Kitts and Nevis,2017,9,1,10
Saint Kitts and Nevis,2018,10,1,10
Saint Kitts and Nevis,2019,11,1,12
Saint Lucia,2000,49,18,67
Saint Lucia,2001,50,16,67
Saint Lucia,2002,51,15,67
Saint Lucia,2003,51,14,66
Saint Lucia,2004,51,13,64
Saint Lucia,2005,51,12,63
Saint Lucia,2006,50,11,61
Saint Lucia,2007,49,9,59
Saint Lucia,2008,50,8,58
Saint Lucia,2009,51,7,58
Saint Lucia,2010,51,6,57
Saint Lucia,2011,52,6,58
Saint Lucia,2012,55,5,60
Saint Lucia,2013,60,5,66
Saint Lucia,2014,65,5,69
Saint Lucia,2015,68,5,73
Saint Lucia,2016,74,5,79
Saint Lucia,2017,74,5,79
Saint Lucia,2018,77,5,82
Saint Lucia,2019,80,5,85
Saint Vincent and the Grenadines,2000,42,13,55
Saint Vincent and the Grenadines,2001,41,12,53
Saint Vincent and the Grenadines,2002,41,10,51
Saint Vincent and the Grenadines,2003,41,9,50
Saint Vincent and the Grenadines,2004,41,8,49
Saint Vincent and the Grenadines,2005,40,7,48
Saint Vincent and the Grenadines,2006,40,7,47
Saint Vincent and the Grenadines,2007,41,6,47
Saint Vincent and the Grenadines,2008,43,6,49
Saint Vincent and the Grenadines,2009,45,6,51
Saint Vincent and the Grenadines,2010,47,6,52
Saint Vincent and the Grenadines,2011,50,6,55
Saint Vincent and the Grenadines,2012,52,6,58
Saint Vincent and the Grenadines,2013,55,5,60
Saint Vincent and the Grenadines,2014,58,5,63
Saint Vincent and the Grenadines,2015,59,5,64
Central African Republic,2016,977,7051,7966
Central African Republic,2017,978,7074,7977
Central African Republic,2018,979,7029,7941
Central African Republic,2019,1027,6961,7919
Chad,2000,1236,16742,17949
Chad,2001,1281,17074,18329
Chad,2002,1330,17463,18769
Chad,2003,1378,17742,19090
Chad,2004,1415,17779,19154
Chad,2005,1448,17670,19065
Chad,2006,1518,17927,19375
Chad,2007,1583,18216,19724
Chad,2008,1625,18346,19908
Chad,2009,1681,18482,20109
Chad,2010,1749,18541,20242
Chad,2011,1864,18541,20351
Chad,2012,2015,18476,20432
Chad,2013,2201,18536,20662
Chad,2014,2341,18444,20705
Chad,2015,2447,18572,20945
Chad,2016,2477,18665,21072
Chad,2017,2521,18832,21277
Chad,2018,2613,18979,21509
Chad,2019,2734,19066,21709
Chile,2000,4147,942,5068
Chile,2001,4236,885,5116
Chile,2002,4203,811,5008
Chile,2003,4282,767,5034
Chile,2004,4315,720,5012
Chile,2005,4282,667,4930
Chile,2006,4291,625,4901
Chile,2007,4381,597,4962
Chile,2008,4360,557,4898
Chile,2009,4564,546,5088
Chile,2010,4751,530,5264
Chile,2011,4849,495,5327
Chile,2012,5022,462,5463
Chile,2013,5247,433,5651
Chile,2014,5401,401,5771
Chile,2015,5538,378,5897
Chile,2016,5396,357,5732
Chile,2017,5433,353,5767
Chile,2018,5631,342,5959
Chile,2019,5935,330,6244
China,2000,946411,967080,1849455
China,2001,982392,938249,1857894
China,2002,1021058,916409,1875572
China,2003,1064319,893463,1893069
China,2004,1118205,873591,1923489
China,2005,1141303,830923,1906271
China,2006,1145841,763129,1843038
China,2007,1172325,706175,1813410
China,2008,1228816,663805,1825242
China,2009,1277236,627982,1843023
China,2010,1330666,598867,1870627
China,2011,1360873,566937,1874037
China,2012,1374597,529211,1854111
China,2013,1392905,497919,1845363
China,2014,1414215,471635,1844224
China,2015,1437447,447926,1848574
China,2016,1459220,434908,1856583
China,2017,1462551,418645,1840441
China,2018,1467298,393814,1828243
China,2019,1516904,363029,1848274
Colombia,2000,9685,5855,15501
Colombia,2001,9821,5761,15525
Colombia,2002,10641,6118,16655
Colombia,2003,10008,5834,15703
Colombia,2004,9794,5736,15411
Colombia,2005,9470,5469,14906
Colombia,2006,9895,5374,15288
Colombia,2007,10087,5017,15078
Colombia,2008,10638,4759,15299
Colombia,2009,11364,4559,15800
Colombia,2010,11533,4253,15758
Colombia,2011,11275,3864,15222
Colombia,2012,11463,3627,15176
Colombia,2013,11516,3389,14955
Colombia,2014,11539,3174,14707
Colombia,2015,11870,3032,14867
Colombia,2016,12085,2868,14904
Colombia,2017,12232,2711,14917
Colombia,2018,12810,2591,15363
Colombia,2019,13306,2454,15711
Comoros,2000,56,734,791
Comoros,2001,57,712,770
Comoros,2002,59,692,751
Comoros,2003,60,666,725
Comoros,2004,61,643,704
Comoros,2005,63,639,702
Comoros,2006,64,619,682
Comoros,2007,68,634,701
Comoros,2008,69,634,703
Comoros,2009,69,611,680
Comoros,2010,69,592,661
Comoros,2011,74,593,666
Comoros,2012,77,586,662
Comoros,2013,80,577,656
Comoros,2014,87,595,681
Comoros,2015,88,588,676
Comoros,2016,87,580,667
Comoros,2017,86,574,661
Comoros,2018,90,561,650
Comoros,2019,95,552,646
Congo,2000,825,2779,3601
Congo,2001,823,2691,3511
Congo,2002,824,2635,3458
Congo,2003,850,2646,3494
Congo,2004,876,2634,3506
Congo,2005,912,2616,3518
Congo,2006,961,2581,3526
Congo,2007,1010,2544,3539
Congo,2008,1067,2494,3550
Congo,2009,1125,2418,3534
Congo,2010,1188,2331,3509
Congo,2011,1265,2240,3496
Congo,2012,1372,2154,3510
Congo,2013,1477,2056,3511
Congo,2014,1571,1968,3516
Congo,2015,1615,1878,3482
Congo,2016,1632,1811,3431
Congo,2017,1658,1757,3403
Congo,2018,1740,1702,3430
Congo,2019,1850,1638,3470
Cook Islands,2000,2,1,4
Cook Islands,2001,2,1,4
Cook Islands,2002,2,1,4
Cook Islands,2003,2,1,4
Cook Islands,2004,2,1,3
Cook Islands,2005,2,1,3
Cook Islands,2006,2,1,3
Cook Islands,2007,2,1,3
Cook Islands,2008,2,1,3
Cook Islands,2009,2,1,3
Cook Islands,2010,2,1,3
Cook Islands,2011,2,1,3
Cook Islands,2012,2,1,3
Cook Islands,2013,2,1,3
Cook Islands,2014,3,1,3
Cook Islands,2015,3,1,4
Cook Islands,2016,3,1,4
Cook Islands,2017,3,1,4
Cook Islands,2018,3,1,4
Cook Islands,2019,3,1,4
Costa Rica,2000,616,231,843
Costa Rica,2001,647,219,863
Costa Rica,2002,632,196,826
Costa Rica,2003,657,187,839
Saint Vincent and the Grenadines,2016,59,5,64
Saint Vincent and the Grenadines,2017,59,5,64
Saint Vincent and the Grenadines,2018,60,5,65
Saint Vincent and the Grenadines,2019,62,4,67
Samoa,2000,30,139,168
Samoa,2001,30,141,170
Samoa,2002,31,143,173
Samoa,2003,32,146,177
Samoa,2004,33,148,180
Samoa,2005,33,151,183
Samoa,2006,33,153,186
Samoa,2007,34,154,187
Samoa,2008,33,156,189
Samoa,2009,34,157,190
Samoa,2010,34,158,191
Samoa,2011,34,159,192
Samoa,2012,34,159,193
Samoa,2013,35,159,193
Samoa,2014,36,158,193
Samoa,2015,37,156,192
Samoa,2016,38,153,190
Samoa,2017,38,148,186
Samoa,2018,41,144,184
Samoa,2019,42,139,181
San Marino,2000,6,0,5
San Marino,2001,5,0,5
San Marino,2002,6,0,5
San Marino,2003,6,0,6
San Marino,2004,6,0,6
San Marino,2005,6,0,6
San Marino,2006,6,0,6
San Marino,2007,6,0,5
San Marino,2008,5,0,5
San Marino,2009,5,0,5
San Marino,2010,5,0,5
San Marino,2011,5,0,5
San Marino,2012,6,0,6
San Marino,2013,6,0,6
San Marino,2014,6,0,6
San Marino,2015,6,0,6
San Marino,2016,6,0,6
San Marino,2017,6,0,6
San Marino,2018,7,0,6
San Marino,2019,7,0,7
Sao Tome and Principe,2000,25,150,174
Sao Tome and Principe,2001,25,146,171
Sao Tome and Principe,2002,27,148,175
Sao Tome and Principe,2003,27,137,164
Sao Tome and Principe,2004,31,141,171
Sao Tome and Principe,2005,30,130,159
Sao Tome and Principe,2006,32,132,164
Sao Tome and Principe,2007,33,130,162
Sao Tome and Principe,2008,33,125,156
Sao Tome and Principe,2009,34,122,154
Sao Tome and Principe,2010,35,120,155
Sao Tome and Principe,2011,36,113,150
Sao Tome and Principe,2012,40,109,148
Sao Tome and Principe,2013,45,106,150
Sao Tome and Principe,2014,50,105,154
Sao Tome and Principe,2015,52,101,152
Sao Tome and Principe,2016,50,98,147
Sao Tome and Principe,2017,48,96,143
Sao Tome and Principe,2018,50,92,141
Sao Tome and Principe,2019,55,87,140
Saudi Arabia,2000,10891,851,11662
Saudi Arabia,2001,11229,709,11862
Saudi Arabia,2002,11611,588,12128
Saudi Arabia,2003,12068,486,12484
Saudi Arabia,2004,12463,400,12796
Saudi Arabia,2005,13038,339,13303
Saudi Arabia,2006,13536,288,13742
Saudi Arabia,2007,14019,241,14169
Saudi Arabia,2008,14474,200,14586
Saudi Arabia,2009,14744,165,14831
Saudi Arabia,2010,15039,138,15100
Saudi Arabia,2011,15149,116,15179
Saudi Arabia,2012,15323,97,15325
Saudi Arabia,2013,15691,82,15674
Saudi Arabia,2014,16017,70,15988
Saudi Arabia,2015,16549,61,16514
Saudi Arabia,2016,16813,53,16767
Saudi Arabia,2017,17146,47,17087
Saudi Arabia,2018,17572,41,17511
Saudi Arabia,2019,18105,37,18036
Senegal,2000,2026,8458,10468
Senegal,2001,2338,9544,11875
Senegal,2002,2362,9488,11850
Senegal,2003,2288,9058,11343
Senegal,2004,2407,9389,11787
Senegal,2005,2441,9408,11827
Senegal,2006,2448,9349,11765
Senegal,2007,2479,9405,11848
Senegal,2008,2517,9510,11997
Senegal,2009,2595,9699,12267
Senegal,2010,2508,9233,11715
Senegal,2011,2625,9333,11928
Senegal,2012,2721,9203,11888
Senegal,2013,2900,9236,12084
Senegal,2014,3147,9502,12590
Senegal,2015,3287,9552,12788
Senegal,2016,3387,9621,12969
Senegal,2017,3410,9477,12851
Senegal,2018,3407,9160,12514
Senegal,2019,3467,9075,12483
Seychelles,2000,26,1,27
Seychelles,2001,26,1,27
Seychelles,2002,27,1,28
Seychelles,2003,28,1,29
Seychelles,2004,28,1,29
Seychelles,2005,28,1,29
Seychelles,2006,29,1,30
Seychelles,2007,28,1,29
Seychelles,2008,29,1,29
Seychelles,2009,29,1,30
Seychelles,2010,28,1,29
Seychelles,2011,28,1,29
Seychelles,2012,29,1,30
Seychelles,2013,29,1,30
Seychelles,2014,30,0,31
Seychelles,2015,31,0,32
Seychelles,2016,33,0,33
Seychelles,2017,34,0,35
Seychelles,2018,35,0,35
Seychelles,2019,35,0,36
Sierra Leone,2000,865,8986,9842
Sierra Leone,2001,898,9174,10066
Sierra Leone,2002,932,9325,10251
Sierra Leone,2003,961,9375,10327
Sierra Leone,2004,998,9530,10519
Sierra Leone,2005,1030,9595,10612
Sierra Leone,2006,1055,9588,10625
Sierra Leone,2007,1068,9501,10544
Sierra Leone,2008,1055,9262,10294
Sierra Leone,2009,1054,9110,10145
Sierra Leone,2010,1087,9107,10177
Sierra Leone,2011,1147,8917,10044
Sierra Leone,2012,1252,8689,9914
Sierra Leone,2014,1446,8170,9577
Sierra Leone,2015,1484,8038,9490
Sierra Leone,2016,1454,7933,9365
Sierra Leone,2017,1450,7932,9362
Sierra Leone,2018,1513,7918,9403
Sierra Leone,2019,1591,7813,9371
Singapore,2000,1014,15,1028
Singapore,2001,995,13,1006
Singapore,2002,977,11,986
Singapore,2003,950,9,958
Singapore,2004,932,8,938
Singapore,2005,902,7,906
Singapore,2006,890,6,894
Singapore,2007,894,5,897
Singapore,2008,891,4,894
Singapore,2009,874,4,877
Singapore,2010,880,3,882
Singapore,2011,908,3,909
Singapore,2012,982,3,982
Singapore,2013,1058,3,1057
Singapore,2014,1132,3,1130
Singapore,2015,1176,2,1174
Singapore,2016,1196,2,1195
Singapore,2017,1216,2,1216
Singapore,2018,1312,2,1308
Singapore,2019,1378,2,1374
Slovakia,2000,4602,90,4681
Slovakia,2001,4582,86,4658
Slovakia,2002,4543,80,4611
Slovakia,2003,4570,77,4633
Slovakia,2004,4512,73,4571
Slovakia,2005,4604,71,4660
Slovakia,2006,4556,67,4607
Slovakia,2007,4589,65,4639
Slovakia,2008,4433,60,4478
Slovakia,2009,4337,57,4380
Slovakia,2010,4150,52,4188
Slovakia,2011,4056,49,4092
Slovakia,2012,3875,46,3906
Slovakia,2013,3701,43,3731
Slovakia,2014,3560,41,3588
Slovakia,2015,3595,41,3624
Slovakia,2016,3415,38,3442
Slovakia,2017,3421,37,3448
Slovakia,2018,3470,36,3498
Slovakia,2019,3549,34,3573
Slovenia,2000,1214,145,1350
Slovenia,2001,1213,139,1342
Slovenia,2002,1165,128,1283
Slovenia,2003,1156,121,1268
Slovenia,2004,1117,115,1223
Slovenia,2005,1044,105,1140
Slovenia,2006,1018,99,1109
Slovenia,2007,986,95,1072
Slovenia,2008,943,89,1026
Slovenia,2009,917,86,997
Slovenia,2010,906,83,983
Slovenia,2011,897,81,970
Slovenia,2012,902,79,974
Slovenia,2013,881,75,950
Slovenia,2014,827,69,889
Slovenia,2015,858,69,921
Slovenia,2016,830,66,889
Slovenia,2017,829,65,888
Slovenia,2018,856,64,915
Slovenia,2019,886,62,940
Solomon Islands,2000,44,955,999
Solomon Islands,2001,46,974,1019
Solomon Islands,2002,47,990,1037
Solomon Islands,2003,48,1007,1056
Solomon Islands,2004,50,1023,1073
Solomon Islands,2005,51,1044,1095
Solomon Islands,2006,54,1064,1118
Solomon Islands,2007,57,1075,1132
Solomon Islands,2008,59,1049,1108
Solomon Islands,2009,63,1079,1142
Solomon Islands,2010,67,1085,1152
Solomon Islands,2011,72,1121,1193
Solomon Islands,2012,76,1136,1212
Solomon Islands,2013,81,1151,1231
Solomon Islands,2014,85,1169,1254
Solomon Islands,2015,89,1178,1268
Solomon Islands,2016,92,1176,1267
Solomon Islands,2017,95,1184,1280
Solomon Islands,2018,101,1201,1303
Solomon Islands,2019,109,1211,1320
Somalia,2000,488,20139,20617
Somalia,2001,489,20408,20891
Somalia,2002,487,20824,21307
Somalia,2003,482,21135,21614
Somalia,2004,479,21440,21915
Somalia,2005,483,21664,22136
Somalia,2006,502,21983,22465
Somalia,2007,536,22951,23463
Somalia,2008,565,23973,24520
Somalia,2009,585,24474,25047
Somalia,2010,608,24880,25475
Somalia,2011,628,25106,25715
Somalia,2012,645,25318,25938
Somalia,2013,665,25510,26142
Somalia,2014,680,25679,26323
Somalia,2015,705,25832,26493
Somalia,2016,734,26341,27038
Somalia,2017,759,26497,27222
Somalia,2018,818,27079,27838
Somalia,2019,851,27553,28334
South Africa,2000,21242,16083,37239
South Africa,2001,21300,15663,36861
South Africa,2002,21694,15559,37111
South Africa,2003,22233,15370,37406
South Africa,2004,22411,14777,36967
South Africa,2005,22848,14297,37004
South Africa,2006,23934,13982,37832
South Africa,2007,24403,12824,37154
South Africa,2008,25214,11756,36854
South Africa,2009,25829,10722,36413
South Africa,2010,26122,9728,35755
South Africa,2011,25962,8721,34633
South Africa,2012,25881,7983,33799
South Africa,2013,26049,7391,33330
South Africa,2014,26661,7085,33633
South Africa,2015,27202,6601,33690
South Africa,2016,27296,6060,33230
South Africa,2017,27183,5576,32619
South Africa,2018,25755,4932,30553
South Africa,2019,25381,4590,29830
Spain,2000,15402,638,15893
Spain,2001,15231,586,15694
Spain,2002,15459,547,15856
Spain,2003,15497,515,15840
Spain,2004,15050,470,15329
Spain,2005,14672,437,14922
Spain,2006,14077,399,14302
Spain,2007,13756,371,13966
Spain,2008,13386,344,13577
Spain,2009,13026,315,13186
Spain,2010,12690,289,12818
Spain,2011,12624,272,12731
Spain,2012,12572,257,12661
Spain,2013,12211,238,12283
Costa Rica,2004,665,177,838
Costa Rica,2005,623,155,777
Costa Rica,2006,663,153,814
Costa Rica,2007,610,132,738
Costa Rica,2008,637,129,763
Costa Rica,2009,638,122,758
Costa Rica,2010,742,133,873
Costa Rica,2011,735,123,856
Costa Rica,2012,766,119,881
Costa Rica,2013,796,116,907
Costa Rica,2014,824,113,932
Costa Rica,2015,870,113,980
Costa Rica,2016,911,115,1023
Costa Rica,2017,903,112,1012
Costa Rica,2018,943,108,1047
Costa Rica,2019,968,104,1068
Croatia,2000,4241,503,4726
Croatia,2001,4178,467,4629
Croatia,2002,4228,442,4655
Croatia,2003,4305,422,4710
Croatia,2004,4147,383,4510
Croatia,2005,4186,366,4532
Croatia,2006,4072,340,4388
Croatia,2007,4104,328,4407
Croatia,2008,4066,312,4356
Croatia,2009,3863,285,4127
Croatia,2010,3773,269,4020
Croatia,2011,3685,252,3913
Croatia,2012,3625,236,3838
Croatia,2013,3465,218,3661
Croatia,2014,3457,211,3646
Croatia,2015,3542,210,3728
Croatia,2016,3215,189,3378
Croatia,2017,3151,184,3314
Croatia,2018,3184,176,3343
Croatia,2019,3244,169,3390
Cuba,2000,5372,519,5873
Cuba,2001,5391,501,5888
Cuba,2002,5061,450,5510
Cuba,2003,5134,437,5563
Cuba,2004,5182,421,5589
Cuba,2005,5259,410,5652
Cuba,2006,4974,375,5330
Cuba,2007,4973,366,5316
Cuba,2008,5045,364,5382
Cuba,2009,5088,354,5416
Cuba,2010,5184,345,5511
Cuba,2011,5014,312,5312
Cuba,2012,5330,301,5612
Cuba,2013,5636,286,5893
Cuba,2014,5933,272,6175
Cuba,2015,6286,262,6530
Cuba,2016,6127,241,6359
Cuba,2017,6156,232,6374
Cuba,2018,6153,219,6356
Cuba,2019,5959,200,6144
Cyprus,2000,471,3,470
Cyprus,2001,460,3,459
Cyprus,2002,456,3,455
Cyprus,2003,451,2,449
Cyprus,2004,455,2,453
Cyprus,2005,461,2,459
Cyprus,2006,475,2,473
Cyprus,2007,482,2,480
Cyprus,2008,481,1,478
Cyprus,2009,480,1,477
Cyprus,2010,478,1,475
Cyprus,2011,465,1,462
Cyprus,2012,459,1,455
Cyprus,2013,456,1,452
Cyprus,2014,457,1,453
Cyprus,2015,457,1,453
Cyprus,2016,429,1,425
Cyprus,2017,413,1,410
Cyprus,2018,433,1,429
Cyprus,2019,462,1,458
Czechia,2000,8774,180,8933
Czechia,2001,8653,171,8802
Czechia,2002,8466,160,8598
Czechia,2003,8575,156,8701
Czechia,2004,8190,143,8302
Czechia,2005,8075,137,8182
Czechia,2006,7754,127,7851
Czechia,2007,7682,121,7773
Czechia,2008,7680,117,7768
Czechia,2009,7628,113,7713
Czechia,2010,7585,109,7665
Czechia,2011,7533,106,7608
Czechia,2012,7358,103,7427
Czechia,2013,7140,100,7204
Czechia,2014,6786,95,6844
Czechia,2015,6703,94,6760
Czechia,2016,6474,90,6527
Czechia,2017,6387,86,6440
Czechia,2018,6557,85,6606
Czechia,2019,6562,80,6607
Denmark,2000,2718,6,2708
Denmark,2001,2662,6,2654
Denmark,2002,2607,6,2596
Denmark,2003,2482,5,2471
Denmark,2004,2336,5,2325
Denmark,2005,2230,4,2220
Denmark,2006,2206,4,2196
Denmark,2007,2213,4,2201
Denmark,2008,2165,4,2155
Denmark,2009,2168,3,2156
Denmark,2010,2121,3,2110
Denmark,2011,2004,3,1992
Denmark,2012,1860,3,1848
Denmark,2013,1696,3,1684
Denmark,2014,1536,2,1526
Denmark,2015,1461,2,1452
Denmark,2016,1472,2,1465
Denmark,2017,1492,2,1486
Denmark,2018,1521,2,1512
Denmark,2019,1475,2,1467
Djibouti,2000,162,356,518
Djibouti,2001,178,338,516
Djibouti,2002,198,313,512
Djibouti,2003,218,286,504
Djibouti,2004,245,269,514
Djibouti,2005,262,255,516
Djibouti,2006,276,251,526
Djibouti,2007,292,250,541
Djibouti,2008,305,248,553
Djibouti,2009,317,246,562
Djibouti,2010,333,246,579
Djibouti,2011,349,244,590
Djibouti,2012,364,241,603
Djibouti,2013,380,239,616
Djibouti,2014,388,232,617
Djibouti,2015,401,228,628
Djibouti,2016,411,221,632
Djibouti,2017,424,215,637
Djibouti,2018,442,209,648
Djibouti,2019,460,201,658
Dominica,2000,31,14,45
Dominica,2001,31,12,43
Dominica,2002,30,11,42
Dominica,2003,30,10,40
Dominica,2004,29,9,38
Dominica,2005,29,8,37
Dominica,2006,29,8,37
Dominica,2007,29,7,36
Dominica,2008,29,7,36
Dominica,2009,29,7,35
Dominica,2010,29,6,35
Dominica,2011,30,6,36
Dominica,2012,31,6,36
Dominica,2013,32,5,37
Dominica,2014,33,5,38
Dominica,2015,33,5,38
Dominica,2016,32,5,37
Dominica,2017,31,4,36
Dominica,2018,32,4,36
Dominica,2019,33,4,37
Dominican Republic,2000,1281,1919,3193
Dominican Republic,2001,1380,1824,3197
Dominican Republic,2002,1488,1722,3202
Dominican Republic,2003,1671,1692,3352
Dominican Republic,2004,1875,1690,3556
Dominican Republic,2005,2026,1638,3658
Dominican Republic,2006,2153,1567,3713
Dominican Republic,2007,2249,1478,3714
Dominican Republic,2008,2325,1384,3690
Dominican Republic,2009,2419,1315,3714
Dominican Republic,2010,2515,1256,3764
Dominican Republic,2011,2660,1220,3880
Dominican Republic,2012,2937,1237,4160
Dominican Republic,2013,3262,1270,4499
Dominican Republic,2014,3502,1268,4733
Dominican Republic,2015,3709,1250,4953
Dominican Republic,2016,3776,1179,4962
Dominican Republic,2017,3750,1084,4830
Dominican Republic,2018,3776,1006,4780
Dominican Republic,2019,3832,939,4766
Ecuador,2000,2120,1183,3300
Ecuador,2001,2139,1078,3220
Ecuador,2002,2415,1101,3519
Ecuador,2003,2601,1055,3657
Ecuador,2004,2743,989,3730
Ecuador,2005,2943,955,3894
Ecuador,2006,3097,918,4004
Ecuador,2007,3228,876,4087
Ecuador,2008,3360,840,4177
Ecuador,2009,3435,796,4212
Ecuador,2010,3537,762,4296
Ecuador,2011,3559,706,4279
Ecuador,2012,3758,691,4470
Ecuador,2013,3892,662,4574
Ecuador,2014,3954,621,4587
Ecuador,2015,3962,575,4532
Ecuador,2016,3998,554,4531
Ecuador,2017,3986,533,4514
Ecuador,2018,4128,507,4639
Ecuador,2019,4295,476,4762
Egypt,2000,62239,1637,63521
Egypt,2001,65702,1406,66785
Egypt,2002,68408,1154,69259
Egypt,2003,71557,927,72180
Egypt,2004,72071,713,72442
Egypt,2005,72181,567,72305
Egypt,2006,73960,478,73821
Egypt,2007,74988,398,74724
Egypt,2008,77608,340,77300
Egypt,2009,80582,294,80287
Egypt,2010,82189,255,81906
Egypt,2011,82644,219,82312
Egypt,2012,84877,195,84552
Egypt,2013,83530,167,83174
Egypt,2014,85019,148,84664
Egypt,2015,90154,135,89712
Egypt,2016,90066,116,89601
Egypt,2017,88942,99,88462
Egypt,2018,90352,85,89879
Egypt,2019,92169,73,91663
El Salvador,2000,1129,1877,2987
El Salvador,2001,1137,1772,2893
El Salvador,2002,1101,1633,2720
El Salvador,2003,1155,1608,2740
El Salvador,2004,1187,1602,2769
El Salvador,2005,1203,1560,2750
El Salvador,2006,1240,1524,2754
El Salvador,2007,1249,1475,2718
El Salvador,2008,1252,1412,2654
El Salvador,2009,1346,1450,2787
El Salvador,2010,1317,1330,2638
El Salvador,2011,1427,1298,2711
El Salvador,2012,1456,1152,2583
El Salvador,2013,1636,1114,2717
El Salvador,2014,1851,1073,2891
El Salvador,2015,1898,963,2849
El Salvador,2016,1875,844,2714
El Salvador,2017,1871,749,2609
El Salvador,2018,1913,674,2573
El Salvador,2019,1969,618,2574
Equatorial Guinea,2000,130,599,729
Equatorial Guinea,2001,134,535,670
Equatorial Guinea,2002,140,480,622
Equatorial Guinea,2003,151,442,594
Equatorial Guinea,2004,164,411,576
Equatorial Guinea,2005,179,385,564
Equatorial Guinea,2006,194,355,546
Equatorial Guinea,2007,207,321,526
Equatorial Guinea,2008,220,287,505
Equatorial Guinea,2009,234,256,488
Equatorial Guinea,2010,251,230,481
Equatorial Guinea,2011,283,212,495
Equatorial Guinea,2012,312,189,499
Equatorial Guinea,2013,333,162,489
Equatorial Guinea,2014,351,139,485
Equatorial Guinea,2015,367,125,490
Equatorial Guinea,2016,368,114,481
Equatorial Guinea,2017,367,103,469
Equatorial Guinea,2018,383,94,478
Equatorial Guinea,2019,403,84,486
Eritrea,2000,726,4036,4749
Eritrea,2001,751,4063,4802
Eritrea,2002,795,4200,4982
Eritrea,2003,821,4245,5051
Eritrea,2004,857,4342,5183
Eritrea,2005,880,4367,5233
Eritrea,2006,907,4385,5277
Eritrea,2007,936,4411,5329
Eritrea,2008,961,4438,5379
Eritrea,2009,972,4407,5361
Eritrea,2010,997,4414,5394
Eritrea,2011,1022,4381,5385
Eritrea,2012,1052,4345,5379
Eritrea,2013,1088,4311,5380
Eritrea,2014,1124,4249,5353
Eritrea,2015,1165,4176,5319
Eritrea,2016,1223,4112,5312
Eritrea,2017,1283,4031,5290
Eritrea,2018,1348,3976,5300
Eritrea,2019,1424,3936,5336
Estonia,2000,530,212,742
Estonia,2001,536,206,742
Estonia,2002,513,189,701
Estonia,2003,492,176,667
Estonia,2004,471,162,633
Estonia,2005,452,149,600
Estonia,2006,439,136,575
Estonia,2007,434,126,559
Estonia,2008,397,108,504
Estonia,2009,374,95,468
Estonia,2010,341,81,421
Estonia,2011,328,74,401
Estonia,2012,296,66,362
Spain,2014,12156,226,12212
Spain,2015,12158,219,12209
Spain,2016,11456,203,11506
Spain,2017,11104,193,11154
Spain,2018,11537,185,11557
Spain,2019,11774,178,11785
Sri Lanka,2000,4656,9026,13663
Sri Lanka,2001,4646,8573,13206
Sri Lanka,2002,4729,8384,13104
Sri Lanka,2003,5050,8562,13595
Sri Lanka,2004,5203,8488,13673
Sri Lanka,2005,5567,8696,14240
Sri Lanka,2006,5833,8654,14460
Sri Lanka,2007,6091,8512,14550
Sri Lanka,2008,6490,8599,15026
Sri Lanka,2009,6663,8534,15144
Sri Lanka,2010,6837,8400,15217
Sri Lanka,2011,6995,8389,15374
Sri Lanka,2012,6920,8235,15099
Sri Lanka,2013,6608,7961,14469
Sri Lanka,2014,6544,7923,14362
Sri Lanka,2015,6472,7636,14058
Sri Lanka,2016,6725,7405,14104
Sri Lanka,2017,7098,7146,14194
Sri Lanka,2018,7240,6802,13995
Sri Lanka,2019,7538,6643,14114
Suriname,2000,194,102,296
Suriname,2001,200,100,303
Suriname,2002,204,97,305
Suriname,2003,201,92,295
Suriname,2004,197,86,283
Suriname,2005,191,79,271
Suriname,2006,189,74,263
Suriname,2007,189,70,258
Suriname,2008,193,68,259
Suriname,2009,195,65,259
Suriname,2010,199,62,261
Suriname,2011,203,58,263
Suriname,2012,214,55,269
Suriname,2013,236,54,289
Suriname,2014,258,53,310
Suriname,2015,276,52,329
Suriname,2016,272,51,325
Suriname,2017,263,50,313
Suriname,2018,261,49,310
Suriname,2019,261,47,308
Sweden,2000,2026,13,2034
Sweden,2001,1942,12,1949
Sweden,2002,1838,11,1842
Sweden,2003,1689,10,1693
Sweden,2004,1557,9,1561
Sweden,2005,1482,8,1485
Sweden,2006,1457,8,1460
Sweden,2007,1456,7,1457
Sweden,2008,1426,7,1428
Sweden,2009,1421,7,1422
Sweden,2010,1403,6,1403
Sweden,2011,1346,6,1346
Sweden,2012,1236,5,1235
Sweden,2013,1074,4,1073
Sweden,2014,925,4,924
Sweden,2015,825,3,825
Sweden,2016,776,3,777
Sweden,2017,744,3,745
Sweden,2018,769,3,770
Sweden,2019,757,3,758
Estonia,2013,254,58,312
Estonia,2014,225,53,276
Estonia,2015,190,46,236
Estonia,2016,167,44,210
Estonia,2017,152,41,194
Estonia,2018,157,41,199
Estonia,2019,167,40,207
Eswatini,2000,223,753,976
Eswatini,2001,238,777,1015
Eswatini,2002,252,797,1047
Eswatini,2003,263,807,1068
Eswatini,2004,277,812,1086
Eswatini,2005,287,811,1095
Eswatini,2006,296,790,1082
Eswatini,2007,302,773,1073
Eswatini,2008,311,756,1064
Eswatini,2009,317,736,1051
Eswatini,2010,316,701,1016
Eswatini,2011,316,661,975
Eswatini,2012,321,634,952
Eswatini,2013,327,604,926
Eswatini,2014,322,574,893
Eswatini,2015,322,549,869
Eswatini,2016,325,526,849
Eswatini,2017,333,507,837
Eswatini,2018,343,492,832
Eswatini,2019,354,482,832
Ethiopia,2000,4803,112716,117331
Ethiopia,2001,4766,109367,113969
Ethiopia,2002,4751,106753,111360
Ethiopia,2003,4779,103794,108410
Ethiopia,2004,4825,100493,105136
Ethiopia,2005,5005,98976,103759
Ethiopia,2006,5275,95934,100915
Ethiopia,2007,5586,93142,98417
Ethiopia,2008,5846,89981,95572
Ethiopia,2009,6069,86235,92117
Ethiopia,2010,6324,82521,88650
Ethiopia,2011,6680,80289,86734
Ethiopia,2012,6990,77668,84393
Ethiopia,2013,7289,75204,82202
Ethiopia,2014,7681,74418,81796
Ethiopia,2015,8012,72416,80082
Ethiopia,2016,8329,70875,78850
Ethiopia,2017,8730,70081,78447
Ethiopia,2018,9205,69087,77863
Ethiopia,2019,9657,67827,77020
Fiji,2000,199,464,664
Fiji,2001,201,442,645
Fiji,2002,202,429,633
Fiji,2003,212,432,646
Fiji,2004,211,414,625
Fiji,2005,221,420,641
Fiji,2006,231,425,655
Fiji,2007,240,431,671
Fiji,2008,248,435,683
Fiji,2009,245,422,667
Fiji,2010,251,418,669
Fiji,2011,257,411,668
Fiji,2012,264,401,663
Fiji,2013,270,388,656
Fiji,2014,278,376,652
Fiji,2015,287,363,649
Fiji,2016,301,347,648
Fiji,2017,315,331,646
Fiji,2018,324,316,642
Fiji,2019,331,302,634
Finland,2000,932,10,940
Finland,2001,890,9,897
Finland,2002,863,9,869
Finland,2003,830,8,835
Finland,2004,789,7,794
Finland,2005,768,6,773
Finland,2006,750,6,754
Finland,2007,749,6,753
Finland,2008,742,5,745
Finland,2009,749,5,751
Finland,2010,749,5,752
Finland,2011,712,4,715
Finland,2012,649,4,651
Finland,2013,564,3,566
Finland,2014,478,3,480
Finland,2015,409,3,411
Finland,2016,360,2,362
Finland,2017,335,2,337
Finland,2018,364,2,366
Finland,2019,415,2,417
France,2000,20211,109,20214
France,2001,19760,102,19766
France,2002,19791,95,19761
France,2003,19440,89,19406
France,2004,18373,79,18335
France,2005,18069,74,18040
France,2006,17826,68,17798
France,2007,17848,64,17819
France,2008,18081,60,18052
France,2009,18368,57,18328
France,2010,18330,53,18283
France,2011,18006,50,17960
France,2012,17499,48,17452
France,2013,16565,46,16516
France,2014,15505,43,15453
France,2015,15083,42,15037
France,2016,14041,40,14005
France,2017,13756,38,13727
France,2018,14094,37,14051
France,2019,14378,37,14334
Gabon,2000,540,486,1026
Gabon,2001,557,457,1016
Gabon,2002,563,424,989
Gabon,2003,580,401,981
Gabon,2004,595,375,968
Gabon,2005,605,346,950
Gabon,2006,626,323,949
Gabon,2007,643,297,939
Gabon,2008,666,274,939
Gabon,2009,679,247,924
Gabon,2010,686,219,905
Gabon,2011,712,196,907
Gabon,2012,734,170,900
Gabon,2013,757,146,894
Gabon,2014,780,126,898
Gabon,2015,798,110,907
Gabon,2016,785,99,883
Gabon,2017,774,89,862
Gabon,2018,794,79,877
Gabon,2019,828,69,895
Gambia,2000,211,1397,1605
Gambia,2001,214,1383,1595
Gambia,2002,224,1406,1628
Gambia,2003,236,1440,1674
Gambia,2004,264,1553,1814
Gambia,2005,278,1579,1853
Gambia,2006,286,1563,1844
Gambia,2007,296,1564,1856
Gambia,2008,298,1528,1822
Gambia,2009,311,1531,1838
Gambia,2010,322,1511,1829
Gambia,2011,322,1426,1743
Gambia,2012,345,1426,1765
Gambia,2013,375,1431,1798
Gambia,2014,415,1478,1885
Gambia,2015,429,1439,1859
Gambia,2016,456,1465,1913
Gambia,2017,486,1505,1984
Gambia,2018,495,1490,1977
Gambia,2019,504,1493,1987
Georgia,2000,3722,4587,8296
Georgia,2001,3685,4502,8144
Georgia,2002,3806,4530,8275
Georgia,2003,3830,4412,8180
Georgia,2004,3804,4223,7980
Georgia,2005,3663,3939,7585
Georgia,2006,3552,3656,7210
Georgia,2007,3420,3331,6749
Georgia,2008,3420,3157,6564
Georgia,2009,3497,3083,6559
Georgia,2010,3502,2932,6416
Georgia,2011,3448,2721,6153
Georgia,2012,3293,2429,5699
Georgia,2013,3176,2180,5326
Georgia,2014,3125,2008,5104
Georgia,2015,3127,1891,5001
Georgia,2016,3234,1849,5069
Georgia,2017,3236,1761,4978
Georgia,2018,3224,1673,4878
Georgia,2019,3211,1594,4787
Germany,2000,42624,70,42524
Germany,2001,40677,66,40585
Germany,2002,40084,63,39940
Germany,2003,38984,60,38835
Germany,2004,37157,55,37008
Germany,2005,36194,52,36066
Germany,2006,35894,48,35762
Germany,2007,36370,45,36220
Germany,2008,36983,43,36838
Germany,2009,37915,41,37751
Germany,2010,37970,39,37803
Germany,2011,36920,37,36754
Germany,2012,35450,36,35286
Germany,2013,33838,35,33678
Germany,2014,31628,34,31460
Germany,2015,30964,34,30796
Germany,2016,29617,32,29460
Germany,2017,28588,31,28454
Germany,2018,28914,30,28769
Germany,2019,29401,30,29252
Ghana,2000,5673,14567,20215
Ghana,2001,5910,14772,20720
Ghana,2002,6136,15029,21214
Ghana,2003,6373,15297,21689
Ghana,2004,6610,15506,22097
Ghana,2005,6900,15690,22549
Ghana,2006,7262,15831,23022
Ghana,2007,7580,15817,23302
Ghana,2008,7779,15482,23154
Ghana,2009,8062,15211,23180
Ghana,2010,8423,14897,23268
Ghana,2011,8953,14537,23448
Ghana,2012,9579,13971,23443
Ghana,2013,10304,13439,23557
Ghana,2014,11005,12965,23759
Ghana,2015,11656,12681,24220
Ghana,2016,12011,12332,24288
Ghana,2017,12340,11978,24222
Ghana,2018,12533,11411,23814
Ghana,2019,12869,11065,23792
Greece,2000,7932,126,8011
Greece,2001,7880,115,7948
Greece,2002,7825,105,7874
Greece,2003,7679,97,7721
Greece,2004,7482,89,7518
Greece,2005,7301,81,7336
Greece,2006,7336,75,7356
Greece,2007,7632,71,7636
Greece,2008,7574,65,7568
Greece,2009,7596,60,7581
Greece,2010,7504,56,7486
Greece,2011,7550,54,7529
Greece,2012,7464,52,7442
Greece,2013,7019,49,6998
Greece,2014,6603,46,6589
Greece,2015,6397,45,6386
Greece,2016,6053,43,6047
Greece,2017,5919,43,5914
Greece,2018,6113,42,6106
Greece,2019,6226,41,6219
Greenland,2000,7,2,9
Greenland,2001,7,2,9
Greenland,2002,7,1,9
Greenland,2003,7,1,9
Greenland,2004,7,1,8
Greenland,2005,7,1,8
Greenland,2006,7,1,7
Greenland,2007,7,1,7
Greenland,2008,6,1,7
Greenland,2009,6,1,7
Greenland,2010,6,0,7
Greenland,2011,6,0,7
Greenland,2012,6,0,7
Greenland,2013,6,0,7
Greenland,2014,6,0,7
Greenland,2015,6,0,7
Greenland,2016,7,0,7
Greenland,2017,7,0,7
Greenland,2018,7,0,8
Greenland,2019,7,0,7
Grenada,2000,43,9,52
Grenada,2001,42,8,51
Grenada,2002,42,7,49
Grenada,2003,41,6,48
Grenada,2004,41,5,46
Grenada,2005,40,5,45
Grenada,2006,40,5,45
Grenada,2007,40,4,45
Grenada,2008,41,4,46
Grenada,2009,42,4,46
Grenada,2010,43,4,47
Grenada,2011,44,4,47
Grenada,2012,43,3,47
Grenada,2013,45,3,49
Grenada,2014,47,3,50
Grenada,2015,48,3,51
Grenada,2016,50,3,53
Grenada,2017,49,3,52
Grenada,2018,50,3,53
Grenada,2019,51,2,54
Guam,2000,18,3,21
Guam,2001,18,3,21
Guam,2002,19,3,22
Guam,2003,18,3,22
Guam,2004,18,3,21
Guam,2005,18,3,21
Guam,2006,18,3,21
Guam,2007,18,3,21
Guam,2008,18,3,22
Guam,2009,19,4,22
Guam,2010,19,4,23
Guam,2011,21,4,25
Guam,2012,25,4,29
Guam,2013,30,5,35
Guam,2014,35,5,40
Guam,2015,37,5,42
Guam,2016,32,5,37
Guam,2017,27,5,31
Guam,2018,28,4,32
Guam,2019,31,5,36
Guatemala,2000,2244,7459,9684
Guatemala,2001,2236,7288,9511
Guatemala,2002,2167,7037,9194
Guatemala,2003,2142,6896,9023
Guatemala,2004,2145,6837,8965
Guatemala,2005,2132,6693,8813
Guatemala,2006,2165,6567,8720
Guatemala,2007,2186,6363,8540
Guatemala,2008,2260,6222,8469
Guatemala,2009,2387,6199,8573
Guatemala,2010,2544,6191,8721
Guatemala,2011,2715,6108,8807
Guatemala,2012,2928,5939,8835
Guatemala,2013,3139,5784,8885
Guatemala,2014,3326,5646,8936
Guatemala,2015,3444,5558,8988
Guatemala,2016,3461,5533,8984
Guatemala,2017,3426,5441,8855
Guatemala,2018,3564,5367,8914
Guatemala,2019,3789,5296,9065
Guinea,2000,1628,15978,17581
Guinea,2001,1636,15634,17250
Guinea,2002,1655,15466,17104
Guinea,2003,1693,15387,17056
Guinea,2004,1763,15619,17354
Guinea,2005,1820,15566,17345
Guinea,2006,1891,15579,17411
Guinea,2007,1932,15494,17364
Guinea,2008,1949,15357,17258
Guinea,2009,1957,15059,16977
Guinea,2010,2035,15120,17113
Guinea,2011,2105,14970,17024
Guinea,2012,2189,14811,16935
Guinea,2013,2314,14910,17145
Guinea,2014,2413,14937,17269
Guinea,2015,2488,14980,17400
Guinea,2016,2503,14856,17301
Guinea,2017,2493,14519,16953
Guinea,2018,2547,14238,16711
Guinea,2019,2570,13752,16242
Guinea-Bissau,2000,231,1928,2156
Guinea-Bissau,2001,235,1930,2164
Guinea-Bissau,2002,238,1933,2170
Guinea-Bissau,2003,243,1932,2173
Guinea-Bissau,2004,248,1938,2183
Guinea-Bissau,2005,252,1914,2161
Guinea-Bissau,2006,259,1898,2150
Guinea-Bissau,2007,273,1951,2217
Guinea-Bissau,2008,276,1934,2205
Guinea-Bissau,2009,280,1901,2178
Guinea-Bissau,2010,288,1873,2157
Guinea-Bissau,2011,296,1833,2125
Guinea-Bissau,2012,306,1786,2086
Guinea-Bissau,2013,322,1777,2094
Guinea-Bissau,2014,339,1762,2094
Guinea-Bissau,2015,350,1734,2077
Guinea-Bissau,2016,364,1726,2082
Guinea-Bissau,2017,370,1698,2061
Guinea-Bissau,2018,369,1656,2017
Guinea-Bissau,2019,369,1639,1998
Guyana,2000,370,164,534
Guyana,2001,369,161,533
Guyana,2002,369,161,535
Guyana,2003,360,159,523
Guyana,2004,355,157,514
Guyana,2005,349,151,500
Guyana,2006,343,142,484
Guyana,2007,351,135,484
Guyana,2008,359,126,483
Guyana,2009,360,115,473
Guyana,2010,370,108,479
Guyana,2011,377,100,478
Guyana,2012,392,93,485
Guyana,2013,401,85,484
Guyana,2014,419,79,496
Guyana,2015,424,72,497
Guyana,2016,422,67,490
Guyana,2017,418,62,480
Guyana,2018,416,58,475
Guyana,2019,411,55,466
Haiti,2000,1031,10743,11722
Haiti,2001,1085,10800,11823
Haiti,2002,1117,10835,11887
Haiti,2003,1162,10946,12033
Haiti,2004,1158,11095,12199
Haiti,2005,1171,11231,12360
Haiti,2006,1206,11350,12511
Haiti,2007,1245,11480,12676
Haiti,2008,1279,11596,12825
Haiti,2009,1303,11699,12959
Haiti,2010,1335,11688,12980
Haiti,2011,1416,11837,13203
Haiti,2012,1508,11849,13297
Haiti,2013,1604,11935,13476
Haiti,2014,1678,12024,13647
Haiti,2015,1733,12115,13807
Haiti,2016,1764,12177,13904
Haiti,2017,1784,12157,13901
Haiti,2018,1847,12171,13972
Haiti,2019,1913,12151,14018
Honduras,2000,755,2953,3680
Honduras,2001,802,2949,3721
Honduras,2002,836,2943,3750
Honduras,2003,880,2950,3798
Honduras,2004,904,2980,3859
Honduras,2005,929,3001,3908
Honduras,2006,966,3041,3982
Honduras,2007,997,3091,4061
Honduras,2008,1038,3172,4181
Honduras,2009,1091,3290,4355
Honduras,2010,1178,3442,4599
Honduras,2011,1327,3667,4973
Honduras,2012,1561,3897,5410
Honduras,2013,1663,3908,5515
Honduras,2014,1742,3897,5585
Honduras,2015,1774,3893,5639
Honduras,2016,1731,3904,5616
Honduras,2017,1677,3915,5567
Honduras,2018,1760,3908,5631
Honduras,2019,1882,3875,5720
Hungary,2000,9789,2512,12243
Hungary,2001,9442,2369,11758
Hungary,2002,9468,2316,11719
Hungary,2003,9517,2284,11729
Hungary,2004,9344,2203,11476
Hungary,2005,9443,2188,11570
Hungary,2006,9232,2075,11244
Hungary,2007,9319,2038,11289
Hungary,2008,9079,1922,10926
Hungary,2009,9099,1887,10913
Hungary,2010,8947,1821,10696
Hungary,2011,8766,1774,10474
Hungary,2012,8589,1733,10252
Hungary,2013,8165,1665,9762
Hungary,2014,7963,1638,9534
Hungary,2015,7905,1644,9488
Hungary,2016,7445,1530,8925
Hungary,2017,7418,1491,8856
Hungary,2018,7519,1445,8887
Hungary,2019,7322,1347,8617
Iceland,2000,27,0,27
Iceland,2001,27,0,27
Iceland,2002,27,0,27
Iceland,2003,27,0,26
Iceland,2004,25,0,25
Iceland,2005,25,0,25
Iceland,2006,24,0,25
Iceland,2007,25,0,25
Iceland,2008,25,0,25
Iceland,2009,25,0,25
Iceland,2010,24,0,25
Iceland,2011,24,0,24
Iceland,2012,24,0,23
Iceland,2013,22,0,22
Iceland,2014,19,0,19
Iceland,2015,18,0,18
Iceland,2016,18,0,18
Iceland,2017,17,0,17
Iceland,2018,18,0,18
Iceland,2019,19,0,19
India,2000,453042,980037,1387431
India,2001,474904,976355,1404542
India,2002,490657,965887,1410495
India,2003,504253,935475,1391459
India,2004,502969,885337,1341668
India,2005,535090,887079,1373204
India,2006,577218,896056,1420870
India,2007,622397,894620,1458927
India,2008,664107,889531,1493106
India,2009,672897,845448,1461801
India,2010,698690,815170,1459403
India,2011,759829,797144,1497826
India,2012,831016,774716,1541016
India,2013,912685,745011,1584768
India,2014,963512,703919,1591958
India,2015,1002184,680666,1607975
India,2016,1018770,659164,1600197
India,2017,1039734,645007,1604105
India,2018,1093823,633389,1644708
India,2019,1147669,606890,1667331
Indonesia,2000,59108,105906,164777
Indonesia,2001,60867,106043,166645
Indonesia,2002,62624,106505,168688
Indonesia,2003,64644,107070,170997
Indonesia,2004,66614,107544,173436
Indonesia,2005,69515,107907,176888
Indonesia,2006,72719,107797,180119
Indonesia,2007,76782,107447,183353
Indonesia,2008,80985,107216,186824
Indonesia,2009,84548,106379,189543
Indonesia,2010,87612,104777,191872
Indonesia,2011,90060,103086,193582
Indonesia,2012,92708,101472,194608
Indonesia,2013,95123,99201,194152
Indonesia,2014,96792,96416,192481
Indonesia,2015,98653,93826,191708
Indonesia,2016,98145,89983,187296
Indonesia,2017,97994,86020,183668
Indonesia,2018,103474,81656,184877
Indonesia,2019,110127,76867,186267
Iraq,2000,16948,2421,19316
Iraq,2001,17232,2166,19370
Iraq,2002,17569,1947,19496
Iraq,2003,18176,1770,19920
Iraq,2004,18490,1569,20024
Iraq,2005,18744,1362,20052
Iraq,2006,19100,1145,20165
Iraq,2007,20027,944,20852
Iraq,2008,21002,749,21607
Iraq,2009,21739,576,22186
Iraq,2010,22175,449,22560
Iraq,2011,22432,358,22793
Iraq,2012,22607,278,22909
Iraq,2013,22739,211,22962
Iraq,2014,22958,158,23096
Iraq,2015,23361,123,23419
Iraq,2016,23563,100,23584
Iraq,2017,23805,85,23819
Iraq,2018,24600,73,24602
Iraq,2019,25637,64,25626
Ireland,2000,1175,10,1180
Ireland,2001,1091,9,1095
Ireland,2002,1040,8,1044
Ireland,2003,987,7,989
Ireland,2004,940,6,942
Ireland,2005,891,5,893
Ireland,2006,866,5,868
Ireland,2007,841,4,842
Ireland,2008,814,4,815
Ireland,2009,799,4,799
Ireland,2010,741,3,742
Ireland,2011,740,3,741
Ireland,2012,716,3,716
Ireland,2013,680,3,680
Ireland,2014,616,3,617
Ireland,2015,579,2,581
Ireland,2016,527,2,529
Ireland,2017,507,2,508
Ireland,2018,519,2,520
Ireland,2019,551,2,552
Israel,2000,2605,9,2593
Israel,2001,2557,8,2543
Israel,2002,2553,8,2537
Israel,2003,2557,7,2538
Israel,2004,2506,7,2487
Israel,2005,2508,6,2488
Israel,2006,2501,6,2480
Israel,2007,2562,5,2539
Israel,2008,2544,5,2520
Israel,2009,2525,5,2499
Israel,2010,2537,4,2510
Israel,2011,2585,4,2558
Israel,2012,2565,4,2537
Israel,2013,2533,4,2506
Israel,2014,2487,4,2461
Israel,2015,2499,4,2474
Israel,2016,2395,4,2371
Israel,2017,2366,4,2343
Israel,2018,2427,4,2404
Israel,2019,2479,4,2456
Italy,2000,37640,365,37668
Italy,2001,36689,336,36725
Italy,2002,36329,314,36301
Italy,2003,36082,295,36024
Italy,2004,34008,263,33913
Italy,2005,33354,245,33254
Italy,2006,32915,228,32789
Italy,2007,32594,214,32473
Italy,2008,32347,200,32233
Italy,2009,32028,188,31914
Italy,2010,31440,175,31292
Italy,2011,31416,169,31252
Italy,2012,31237,162,31043
Italy,2013,30299,153,30096
Italy,2014,29566,146,29353
Italy,2015,29649,145,29442
Italy,2016,27497,134,27301
Italy,2017,26496,128,26317
Italy,2018,27470,125,27244
Italy,2019,28153,121,27902
Jamaica,2000,677,396,1069
Jamaica,2001,713,367,1076
Jamaica,2002,699,320,1016
Jamaica,2003,696,286,980
Jamaica,2004,680,263,941
Jamaica,2005,649,243,888
Jamaica,2006,657,242,892
Jamaica,2007,736,266,995
Jamaica,2008,805,287,1086
Jamaica,2009,841,300,1136
Jamaica,2010,743,268,1009
Jamaica,2011,810,279,1084
Jamaica,2012,763,253,1010
Jamaica,2013,794,246,1030
Jamaica,2014,889,257,1137
Jamaica,2015,918,250,1165
Jamaica,2016,917,236,1153
Jamaica,2017,923,223,1143
Jamaica,2018,939,210,1147
Jamaica,2019,964,199,1160
Japan,2000,32642,236,32717
Japan,2001,32350,214,32399
Japan,2002,32124,196,32153
Japan,2003,32311,181,32315
Japan,2004,32241,167,32221
Japan,2005,32784,158,32748
Japan,2006,32460,147,32410
Japan,2007,32356,137,32290
Japan,2008,32336,128,32252
Japan,2009,32107,121,32021
Japan,2010,32447,118,32373
Japan,2011,33639,116,33569
Japan,2012,35265,114,35180
Japan,2013,37463,112,37335
Japan,2014,39101,110,38944
Japan,2015,39996,107,39833
Japan,2016,40516,104,40362
Japan,2017,40740,100,40586
Japan,2018,41925,98,41757
Japan,2019,42742,95,42565
Jordan,2000,1660,9,1661
Jordan,2001,1710,8,1710
Jordan,2002,1763,7,1762
Jordan,2003,1781,6,1778
Jordan,2004,1881,5,1876
Jordan,2005,1996,5,1991
Jordan,2006,2068,4,2061
Jordan,2007,2025,3,2017
Jordan,2008,1997,3,1988
Jordan,2009,2033,3,2024
Jordan,2010,2083,2,2074
Jordan,2011,2159,2,2150
Jordan,2012,2235,2,2225
Jordan,2013,2311,2,2302
Jordan,2014,2445,2,2435
Jordan,2015,2578,2,2567
Jordan,2016,2718,2,2707
Jordan,2017,2834,2,2822
Jordan,2018,2983,2,2971
Jordan,2019,3145,2,3131
Kazakhstan,2000,10277,6058,16252
Kazakhstan,2001,10255,5780,15936
Kazakhstan,2002,10384,5553,15805
Kazakhstan,2003,10633,5346,15820
Kazakhstan,2004,10523,4954,15336
Kazakhstan,2005,10595,4651,15185
Kazakhstan,2006,10587,4284,14890
Kazakhstan,2007,10655,3875,14549
Kazakhstan,2008,10437,3391,13815
Kazakhstan,2009,10264,2973,13186
Kazakhstan,2010,10428,2733,13102
Kazakhstan,2011,10602,2519,13040
Kazakhstan,2012,10747,2327,12953
Kazakhstan,2013,10708,2127,12686
Kazakhstan,2014,10596,1952,12414
Kazakhstan,2015,10645,1813,12380
Kazakhstan,2016,10671,1697,12286
Kazakhstan,2017,10702,1588,12171
Kazakhstan,2018,10676,1507,12115
Kazakhstan,2019,10704,1424,12039
Kenya,2000,3033,21683,24705
Kenya,2001,3111,21792,24905
Kenya,2002,3213,22330,25544
Kenya,2003,3318,22923,26229
Kenya,2004,3417,23392,26786
Kenya,2005,3529,23802,27312
Kenya,2006,3729,24040,27751
Kenya,2007,3989,24112,28088
Kenya,2008,4274,23947,28213
Kenya,2009,4607,23876,28468
Kenya,2010,4927,23918,28818
Kenya,2011,5245,23787,28986
Kenya,2012,5548,23408,28900
Kenya,2013,5855,23000,28778
Kenya,2014,6090,22638,28648
Kenya,2015,6227,22268,28413
Kenya,2016,6126,21996,28066
Kenya,2017,5958,21925,27829
Kenya,2018,5902,21959,27762
Kenya,2019,5738,22109,27739
Kiribati,2000,12,130,143
Kiribati,2001,13,130,143
Kiribati,2002,13,130,143
Kiribati,2003,13,130,144
Kiribati,2004,13,130,144
Kiribati,2005,14,130,144
Kiribati,2006,14,132,146
Kiribati,2007,15,134,147
Kiribati,2008,15,136,150
Kiribati,2009,15,137,151
Kiribati,2010,15,138,152
Kiribati,2011,15,139,153
Kiribati,2012,15,139,153
Kiribati,2013,15,139,153
Kiribati,2014,15,138,153
Kiribati,2015,15,138,153
Kiribati,2016,16,137,153
Kiribati,2017,18,135,152
Kiribati,2018,19,134,153
Kiribati,2019,20,133,152
Kuwait,2000,743,3,742
Kuwait,2001,694,2,693
Kuwait,2002,775,2,773
Kuwait,2003,798,2,797
Kuwait,2004,855,2,853
Kuwait,2005,926,2,924
Kuwait,2006,992,2,990
Kuwait,2007,1030,1,1026
Kuwait,2008,1195,1,1191
Kuwait,2009,1173,1,1168
Kuwait,2010,1081,1,1077
Kuwait,2011,1067,1,1063
Kuwait,2012,1135,1,1131
Kuwait,2013,1165,1,1160
Kuwait,2014,1192,1,1187
Kuwait,2015,1263,1,1257
Kuwait,2016,1338,1,1331
Kuwait,2017,1406,1,1399
Kuwait,2018,1476,1,1469
Kuwait,2019,1551,1,1543
Kyrgyzstan,2000,2777,3498,6161
Kyrgyzstan,2001,2783,3493,6192
Kyrgyzstan,2002,2795,3471,6189
Kyrgyzstan,2003,2828,3454,6194
Kyrgyzstan,2004,2747,3304,5960
Kyrgyzstan,2005,2759,3252,5927
Kyrgyzstan,2006,2818,3221,5967
Kyrgyzstan,2007,2857,3060,5834
Kyrgyzstan,2008,2822,2857,5595
Kyrgyzstan,2009,2705,2603,5236
Kyrgyzstan,2010,2638,2422,5007
Kyrgyzstan,2011,2633,2275,4860
Kyrgyzstan,2012,2665,2125,4730
Kyrgyzstan,2013,2676,1974,4583
Kyrgyzstan,2014,2704,1862,4504
Kyrgyzstan,2015,2771,1789,4517
Kyrgyzstan,2016,2673,1634,4268
Kyrgyzstan,2017,2694,1556,4202
Kyrgyzstan,2018,2683,1481,4125
Kyrgyzstan,2019,2770,1432,4159
Latvia,2000,2131,312,2442
Latvia,2001,2223,317,2537
Latvia,2002,2182,299,2476
Latvia,2003,2147,284,2426
Latvia,2004,2111,266,2372
Latvia,2005,2170,258,2427
Latvia,2006,2262,253,2515
Latvia,2007,2224,229,2451
Latvia,2008,2082,197,2275
Latvia,2009,2003,176,2175
Latvia,2010,1971,164,2132
Latvia,2011,1875,153,2029
Latvia,2012,1762,145,1908
Latvia,2013,1668,143,1810
Latvia,2014,1495,133,1628
Latvia,2015,1355,126,1479
Latvia,2016,1183,118,1298
Latvia,2017,1095,112,1206
Latvia,2018,1107,108,1217
Latvia,2019,1131,104,1234
Lebanon,2000,2064,120,2173
Lebanon,2001,2119,107,2217
Lebanon,2002,2186,95,2275
Lebanon,2003,2279,84,2357
Lebanon,2004,2380,74,2445
Lebanon,2005,2491,66,2542
Lebanon,2006,2624,59,2663
Lebanon,2007,2792,51,2819
Lebanon,2008,2964,44,2981
Lebanon,2009,3098,38,3111
Lebanon,2010,3186,32,3198
Lebanon,2011,3280,28,3294
Lebanon,2012,3365,24,3376
Lebanon,2013,3430,21,3438
Lebanon,2014,3473,18,3476
Lebanon,2015,3496,15,3493
Lebanon,2016,3431,13,3424
Lebanon,2017,3362,12,3356
Lebanon,2018,3370,11,3363
Lebanon,2019,3389,10,3382
Lesotho,2000,548,2074,2612
Lesotho,2001,562,2099,2650
Lesotho,2002,577,2147,2710
Lesotho,2003,598,2205,2784
Lesotho,2004,626,2242,2844
Lesotho,2005,650,2255,2884
Lesotho,2006,683,2238,2902
Lesotho,2007,717,2218,2919
Lesotho,2008,760,2198,2941
Lesotho,2009,789,2128,2900
Lesotho,2010,817,2087,2893
Lesotho,2011,851,2050,2888
Lesotho,2012,886,2025,2895
Lesotho,2013,920,1987,2883
Lesotho,2014,927,1946,2853
Lesotho,2015,924,1889,2798
Lesotho,2016,906,1802,2693
Lesotho,2017,893,1726,2601
Lesotho,2018,886,1672,2541
Lesotho,2019,884,1633,2499
Liberia,2000,362,4093,4454
Liberia,2001,365,3871,4236
Liberia,2002,372,3632,4003
Liberia,2003,383,3436,3818
Liberia,2004,395,3301,3695
Liberia,2005,410,3269,3677
Liberia,2006,421,3262,3678
Liberia,2007,424,3220,3637
Liberia,2008,426,3205,3625
Liberia,2009,438,3243,3675
Liberia,2010,453,3265,3715
Liberia,2011,486,3218,3703
Liberia,2012,551,3184,3734
Liberia,2013,613,3081,3689
Liberia,2014,646,2927,3566
Liberia,2015,660,2862,3513
Liberia,2016,629,2820,3442
Liberia,2017,597,2764,3357
Liberia,2018,624,2741,3356
Liberia,2019,672,2714,3376
Libya,2000,1884,80,1956
Libya,2001,1952,67,2006
Libya,2002,2030,55,2072
Libya,2003,2045,44,2078
Libya,2004,1991,34,2016
Libya,2005,2024,28,2044
Libya,2006,2101,23,2114
Libya,2007,2372,21,2381
Libya,2008,2466,18,2472
Libya,2009,2617,16,2620
Libya,2010,2605,13,2605
Libya,2011,2667,12,2665
Libya,2012,2668,11,2665
Libya,2013,2719,11,2714
Libya,2014,2803,10,2796
Libya,2015,2888,10,2880
Libya,2016,2989,10,2982
Libya,2017,3108,9,3101
Libya,2018,3276,9,3264
Libya,2019,3460,8,3445
Lithuania,2000,2024,247,2267
Lithuania,2001,2110,242,2345
Lithuania,2002,2090,223,2304
Lithuania,2003,2101,208,2300
Lithuania,2004,2098,192,2282
Lithuania,2005,2230,189,2415
Lithuania,2006,2307,180,2487
Lithuania,2007,2390,169,2557
Lithuania,2008,2333,151,2480
Lithuania,2009,2173,129,2296
Lithuania,2010,2195,120,2313
Lithuania,2011,2141,111,2252
Lithuania,2012,2034,103,2139
Lithuania,2013,1939,98,2037
Lithuania,2014,1745,89,1832
Lithuania,2015,1650,84,1732
Lithuania,2016,1457,77,1532
Lithuania,2017,1257,68,1324
Lithuania,2018,1268,65,1335
Lithuania,2019,1280,61,1340
Luxembourg,2000,151,1,151
Luxembourg,2001,143,1,143
Luxembourg,2002,145,1,145
Luxembourg,2003,141,1,141
Luxembourg,2004,141,1,140
Luxembourg,2005,137,0,137
Luxembourg,2006,136,0,136
Luxembourg,2007,135,0,135
Luxembourg,2008,134,0,133
Luxembourg,2009,136,0,136
Luxembourg,2010,139,0,138
Luxembourg,2011,135,0,134
Luxembourg,2012,129,0,128
Luxembourg,2013,120,0,119
Luxembourg,2014,111,0,111
Luxembourg,2015,103,0,102
Luxembourg,2016,95,0,95
Luxembourg,2017,93,0,93
Luxembourg,2018,98,0,97
Luxembourg,2019,103,0,102
Madagascar,2000,1096,21568,22661
Madagascar,2001,1134,21232,22360
Madagascar,2002,1207,21228,22429
Madagascar,2003,1285,21102,22381
Madagascar,2004,1349,20886,22228
Madagascar,2005,1411,20878,22281
Madagascar,2006,1459,20814,22254
Madagascar,2007,1486,20888,22357
Madagascar,2008,1528,21323,22841
Madagascar,2009,1571,21622,23185
Madagascar,2010,1614,21640,23244
Madagascar,2011,1711,21712,23401
Madagascar,2012,1828,21536,23327
Madagascar,2013,1958,21332,23237
Madagascar,2014,2055,21277,23285
Madagascar,2015,2108,21237,23310
Madagascar,2016,2090,21254,23322
Madagascar,2017,2085,21319,23384
Madagascar,2018,2209,21428,23590
Madagascar,2019,2345,21459,23748
Malawi,2000,914,17240,18144
Malawi,2001,917,16836,17744
Malawi,2002,917,16499,17408
Malawi,2003,920,16198,17111
Malawi,2004,928,15766,16681
Malawi,2005,943,15237,16155
Malawi,2006,995,14866,15813
Malawi,2007,1022,14354,15327
Malawi,2008,1045,13895,14901
Malawi,2009,1090,13760,14824
Malawi,2010,1154,13703,14834
Malawi,2011,1232,13591,14796
Malawi,2012,1303,13312,14586
Malawi,2013,1366,13007,14340
Malawi,2014,1402,12761,14136
Malawi,2015,1421,12632,14023
Malawi,2016,1394,12529,13892
Malawi,2017,1355,12312,13631
Malawi,2018,1364,12350,13672
Malawi,2019,1379,12379,13717
Malaysia,2000,7449,290,7724
Malaysia,2001,7537,264,7793
Malaysia,2002,7719,245,7959
Malaysia,2003,8030,230,8246
Malaysia,2004,8070,211,8262
Malaysia,2005,8198,198,8365
Malaysia,2006,8275,188,8435
Malaysia,2007,8275,180,8431
Malaysia,2008,8515,178,8677
Malaysia,2009,8727,176,8891
Malaysia,2010,8731,166,8882
Malaysia,2011,8939,158,9077
Malaysia,2012,9175,151,9303
Malaysia,2013,9097,140,9213
Malaysia,2014,9639,137,9748
Malaysia,2015,9990,132,10090
Malaysia,2016,9946,128,10044
Malaysia,2017,9732,122,9839
Malaysia,2018,10213,116,10303
Malaysia,2019,10888,111,10960
Maldives,2000,31,95,126
Maldives,2001,33,89,121
Maldives,2002,32,79,110
Maldives,2003,33,71,103
Maldives,2004,34,63,96
Maldives,2005,35,57,91
Maldives,2006,37,52,88
Maldives,2007,39,47,85
Maldives,2008,41,43,84
Maldives,2009,43,40,82
Maldives,2010,44,37,81
Maldives,2011,45,34,79
Maldives,2012,45,32,75
Maldives,2013,44,30,71
Maldives,2014,41,28,68
Maldives,2015,43,27,68
Maldives,2016,47,26,72
Maldives,2017,53,25,77
Maldives,2018,56,24,80
Maldives,2019,59,23,81
Mali,2000,1565,18933,20471
Mali,2001,1587,18764,20330
Mali,2002,1654,19164,20800
Mali,2003,1690,19132,20798
Mali,2004,1736,19141,20846
Mali,2005,1804,19224,20984
Mali,2006,1896,19424,21263
Mali,2007,1983,19585,21510
Mali,2008,2096,20081,22134
Mali,2009,2210,20433,22609
Mali,2010,2318,20506,22783
Mali,2011,2421,20357,22723
Mali,2012,2571,20453,22952
Mali,2013,2737,20624,23266
Mali,2014,2883,20841,23619
Mali,2015,3017,21329,24252
Mali,2016,3148,22249,25314
Mali,2017,3209,22641,25772
Mali,2018,3319,22633,25836
Mali,2019,3424,22580,25872
Malta,2000,181,2,182
Malta,2001,180,2,180
Malta,2002,181,1,181
Malta,2003,179,1,179
Malta,2004,174,1,175
Malta,2005,170,1,171
Malta,2006,171,1,171
Malta,2007,177,1,177
